id,t2m_mean,t2m_max,t2m_min,t2m_mean_before,t2m_max_before,t2m_min_before,t2m_mean_after,t2m_max_after,t2m_min_after
110000,271.0214299242424,277.41508333333337,263.59191666666675,268.2795572916667,270.7672083333333,267.05375000000004,271.6307349537038,277.41508333333337,263.59191666666675
120000,273.78353882575755,279.60375000000005,268.4801666666667,271.707,273.34175,270.4505,274.2449918981481,279.60375000000005,268.4801666666667
130100,273.6433361742424,280.06008333333335,268.3022916666667,270.87509374999996,272.7804166666667,269.62579166666666,274.25850115740747,280.06008333333335,268.3022916666667
130200,272.728300189394,279.40087500000004,265.58820833333334,270.98909375,272.45250000000004,269.52850000000007,273.1147905092593,279.40087500000004,265.58820833333334
130300,271.5050037878788,278.1177916666667,262.46416666666664,270.05652604166664,271.89916666666664,268.3494583333334,271.8268877314815,278.1177916666667,262.46416666666664
130400,275.8672092803031,284.0454583333334,270.9291666666666,273.0440625,273.8979166666666,272.2750833333334,276.4945752314814,284.0454583333334,270.9291666666666
130500,275.4209214015151,283.32687500000003,270.8765,272.31022916666666,273.26387500000004,271.3877083333333,276.1121863425926,283.32687500000003,270.8765
130600,272.4364678030303,278.6841666666666,266.6495416666666,269.55386458333334,271.83683333333335,268.6806666666667,273.0770462962964,278.6841666666666,266.6495416666666
130700,266.98170265151515,274.6595416666667,259.3275416666667,264.1091927083333,265.8347916666666,262.761,267.6200381944444,274.6595416666667,259.3275416666667
130800,266.6256070075758,274.4175833333333,257.6459583333334,264.1635885416666,265.72158333333334,262.63770833333336,267.1727222222222,274.4175833333333,257.6459583333334
130900,275.3485189393939,283.4347083333333,270.49620833333336,272.96772395833335,274.09133333333335,271.8351666666667,275.8775844907407,283.4347083333333,270.49620833333336
131000,273.92242424242426,279.788,269.1184999999999,271.4174375,273.1495,269.9822083333333,274.4790879629629,279.788,269.1184999999999
131100,275.8695274621212,284.11150000000004,271.49779166666667,272.82436979166664,273.622,272.23900000000003,276.5462291666667,284.11150000000004,271.49779166666667
140100,270.5659242424243,278.455625,263.95616666666666,267.71496874999997,270.1067083333333,265.71737499999995,271.1994699074073,278.455625,263.95616666666666
140200,268.36983333333325,275.8657083333333,261.1255416666667,265.02411979166675,266.45820833333335,263.66800000000006,269.11332523148144,275.8657083333333,261.1255416666667
140300,271.841797348485,279.31250000000006,265.63587499999994,269.27282812500005,270.8765416666667,268.2429583333333,272.4126793981482,279.31250000000006,265.63587499999994
140400,272.951146780303,280.0673333333334,267.62741666666665,270.19801562500004,271.60637499999996,269.2973333333333,273.5629537037036,280.0673333333334,267.62741666666665
140500,274.15352083333323,281.28754166666664,269.18870833333335,270.923390625,271.78562500000004,269.80187500000005,274.87132754629624,281.28754166666664,269.18870833333335
140600,268.22322443181815,276.1729166666666,261.33570833333334,264.47102083333334,265.60175000000004,262.71824999999995,269.0570474537037,276.1729166666666,261.33570833333334
140700,272.7870321969697,279.57949999999994,266.7934583333334,270.36308333333335,271.63741666666664,268.75029166666667,273.32568749999996,279.57949999999994,266.7934583333334
140800,276.4643295454545,283.4765416666667,270.8950416666667,273.72029166666664,274.8389583333333,272.1824166666667,277.07411574074075,283.4765416666667,270.8950416666667
140900,268.6831278409091,276.53349999999995,261.7362083333333,265.1073802083333,266.3787916666667,263.02825,269.47773842592596,276.53349999999995,261.7362083333333
141000,274.000574810606,281.2274166666666,267.454625,271.5194895833333,272.62712500000004,269.80854166666666,274.55192708333334,281.2274166666666,267.454625
141100,271.49071306818183,279.5454583333333,264.3633333333334,268.58125,270.091375,266.3080416666666,272.1372604166667,279.5454583333333,264.3633333333334
150100,266.99334943181816,275.8783333333333,258.77937499999996,263.1826822916667,264.4282083333333,260.9969583333333,267.8401643518519,275.8783333333333,258.77937499999996
150200,266.11139393939396,275.3320416666667,256.44495833333326,262.81884375,265.0575,259.741125,266.84307175925926,275.3320416666667,256.44495833333326
150300,270.66036174242424,281.15945833333336,259.91808333333336,267.36190104166667,269.2437916666666,266.28833333333336,271.3933530092593,281.15945833333336,259.91808333333336
150400,264.1525331439394,274.9703333333333,252.692125,262.2274166666667,264.72312500000004,260.40216666666663,264.5803368055556,274.9703333333333,252.692125
150500,264.93792329545454,276.62845833333336,253.2759166666667,262.2710260416667,266.4632083333333,260.49825,265.5305671296297,276.62845833333336,253.2759166666667
150600,269.6985776515152,279.46220833333325,260.4362083333333,266.117984375,268.0247083333333,264.50079166666666,270.4942650462963,279.46220833333325,260.4362083333333
150700,256.08162973484843,263.58325,246.30825000000002,251.58469791666667,253.87750000000003,250.58345833333328,257.0809479166667,263.58325,246.30825000000002
150800,267.2835340909091,277.9392916666667,257.97770833333334,264.08459895833334,265.9918333333333,262.21575,267.99440856481493,277.9392916666667,257.97770833333334
150900,265.48323011363635,274.3317083333333,257.3070000000001,262.41484375,263.9124583333333,259.91354166666673,266.16509375000004,274.3317083333333,257.3070000000001
152200,260.4180255681818,270.47545833333334,248.89899999999992,257.668359375,259.87304166666667,256.42650000000003,261.02906250000007,270.47545833333334,248.89899999999992
152500,261.3255634469698,271.05262500000003,249.48624999999993,259.09853125000006,260.526,256.75729166666673,261.8204594907408,271.05262500000003,249.48624999999993
152900,269.85907196969697,279.227625,260.9892916666667,266.4692395833333,267.97529166666664,265.7263333333333,270.6123680555555,279.227625,260.9892916666667
210100,267.53599337121204,278.359125,255.95379166666666,265.4327916666667,270.92499999999995,261.61516666666665,268.00337152777786,278.359125,255.95379166666666
210200,271.85740246212123,277.948625,261.0867916666666,271.77618750000005,274.7082916666667,269.5502916666667,271.8754502314815,277.948625,261.0867916666666
210300,269.3494318181817,278.1363333333333,257.50529166666666,268.25140625,272.45587500000005,265.2409583333333,269.59343749999994,278.1363333333333,257.50529166666666
210400,266.35491003787877,276.6649166666666,253.80033333333333,264.7951302083333,270.9351666666666,260.4302916666667,266.7015277777777,276.6649166666666,253.80033333333333
210500,267.00927840909094,275.64145833333333,254.37974999999997,265.62972395833333,271.2775833333333,261.8374166666666,267.3158460648149,275.64145833333333,254.37974999999997
210600,269.3082443181817,276.1719166666667,257.9224166666667,267.87466666666666,271.73770833333333,264.00304166666666,269.62681712962956,276.1719166666667,257.9224166666667
210700,269.092555871212,276.89570833333335,258.39733333333334,267.15780208333337,271.29325000000006,264.3304583333333,269.52250115740736,276.89570833333335,258.39733333333334
210800,270.42149431818183,278.50054166666666,259.042,269.97041666666667,274.0023333333334,267.0227916666667,270.5217337962963,278.50054166666666,259.042
210900,267.4464772727272,277.10687499999995,256.1141666666667,265.2801979166667,269.35020833333334,262.53341666666665,267.92787268518515,277.10687499999995,256.1141666666667
211000,268.88485227272736,278.8444166666667,256.76070833333335,267.52375,272.58625,263.6615416666666,269.1873194444445,278.8444166666667,256.76070833333335
211100,269.94919034090907,277.6160416666667,259.13454166666673,269.0092604166667,273.5464583333333,265.4928333333333,270.1580636574074,277.6160416666667,259.13454166666673
211200,266.14794223484853,278.0969166666667,254.28450000000007,263.93003125,269.609625,259.5177916666667,266.6408113425926,278.0969166666667,254.28450000000007
211300,268.2551183712121,277.0246666666667,257.16245833333335,265.86941666666667,268.30941666666666,264.33104166666664,268.7852743055556,277.0246666666667,257.16245833333335
211400,270.32890719696974,277.84841666666665,259.45966666666664,269.102421875,271.96995833333335,266.4062916666666,270.6014594907408,277.84841666666665,259.45966666666664
220100,262.8012462121212,276.80479166666663,251.56187500000001,260.25259374999996,266.0227916666667,256.0621666666666,263.3676134259259,276.80479166666663,251.56187500000001
220200,262.97084090909084,275.6989999999999,250.51249999999996,261.04216145833334,265.3144583333333,256.0437083333334,263.3994363425926,275.6989999999999,250.51249999999996
220300,264.5339640151515,277.424125,252.8010833333333,261.98105208333334,267.73575,257.972625,265.1012777777778,277.424125,252.8010833333333
220400,265.09306628787874,277.0736666666667,252.87141666666665,263.39888541666664,268.41383333333334,258.6379583333333,265.46955092592594,277.0736666666667,252.87141666666665
220500,264.80869602272736,275.2367916666667,251.89383333333333,262.9771510416667,269.78516666666667,257.66450000000003,265.2157060185185,275.2367916666667,251.89383333333333
220600,262.56759374999996,273.962875,248.04162499999998,260.81493229166665,268.0165416666667,254.69958333333332,262.957074074074,273.962875,248.04162499999998
220700,262.76480208333334,275.7219166666667,251.88620833333334,259.8807395833333,264.48920833333335,257.16925000000003,263.40570486111113,275.7219166666667,251.88620833333334
220800,262.7818475378787,273.45604166666664,252.381,259.489,262.9856249999999,257.172125,263.5135914351851,273.45604166666664,252.381
222400,263.63897064393933,274.362875,251.25245833333327,262.2796666666666,266.667,258.2244583333333,263.94103819444445,274.362875,251.25245833333327
230100,260.7067339015151,274.428625,250.83333333333334,257.7449427083333,262.69049999999993,253.89670833333335,261.36490972222214,274.428625,250.83333333333334
230200,258.9628191287878,266.77925000000005,250.46754166666665,254.75757291666665,256.89579166666664,253.38920833333336,259.897318287037,266.77925000000005,250.46754166666665
230300,261.8483077651515,272.618875,254.17533333333333,259.325796875,262.64383333333336,255.70275,262.40886574074074,272.618875,254.17533333333333
230400,258.8791126893939,267.57987499999996,251.3847916666667,255.5496927083333,259.19629166666675,253.45724999999996,259.61898379629633,267.57987499999996,251.3847916666667
230500,260.7601505681818,270.40758333333326,253.07516666666663,257.8047291666667,261.97012500000005,254.92625,261.41691087962965,270.40758333333326,253.07516666666663
230600,260.39167424242424,270.75733333333335,250.43533333333332,257.0246979166667,258.63095833333335,254.8762916666667,261.13989120370366,270.75733333333335,250.43533333333332
230700,257.43669507575754,269.276,248.6849166666666,254.13436979166667,258.14962499999996,252.16212500000006,258.17054513888894,269.276,248.6849166666666
230800,259.5978996212121,268.78416666666664,251.94691666666674,256.2532447916667,259.9994583333333,253.52429166666664,260.34115625,268.78416666666664,251.94691666666674
230900,261.1816723484849,272.81525000000005,253.035875,259.1951197916667,263.52241666666674,255.36704166666667,261.6231284722222,272.81525000000005,253.035875
231000,261.91908522727266,273.1466249999999,251.20766666666668,259.7809010416666,263.7559999999999,255.76708333333332,262.3942372685185,273.1466249999999,251.20766666666668
231100,257.17987026515146,265.08112500000004,249.35983333333334,252.80663541666667,255.29783333333333,250.48904166666662,258.15170023148147,265.08112500000004,249.35983333333334
231200,259.11887500000006,271.44233333333335,249.76991666666672,255.22651041666663,257.5415833333333,252.85812500000006,259.98384490740744,271.44233333333335,249.76991666666672
232700,254.73863257575758,262.3255833333333,247.75225000000003,249.4481302083333,251.086625,247.86799999999994,255.9142997685185,262.3255833333333,247.75225000000003
310000,281.21271496212125,289.2258750000001,275.97737499999994,280.62336979166673,282.966875,277.8760833333333,281.3436805555556,289.2258750000001,275.97737499999994
320100,280.3101553030303,291.424875,274.163375,278.73939062500006,280.86725,276.4252083333334,280.6592141203704,291.424875,274.163375
320200,280.5579005681818,290.4119166666667,275.1890416666667,279.3853854166666,281.12804166666666,276.7176666666666,280.8184594907408,290.4119166666667,275.1890416666667
320300,278.42128124999994,285.91270833333334,272.22920833333336,277.14278125,278.6755,275.41670833333325,278.705392361111,285.91270833333334,272.22920833333336
320400,280.45876231060595,290.93045833333326,274.97587500000003,279.0974375,281.01925,276.60062500000004,280.76127893518515,290.93045833333326,274.97587500000003
320500,280.87185795454536,289.92608333333334,275.881125,279.8302291666667,281.62050000000005,277.2049583333334,281.1033310185185,289.92608333333334,275.881125
320600,279.93350378787875,288.85358333333335,274.10945833333335,279.64676041666667,281.6524166666666,276.87812499999995,279.997224537037,288.85358333333335,274.10945833333335
320700,277.9789687500001,284.8534583333333,271.8735416666667,277.43367708333335,279.499875,275.21750000000003,278.10014467592595,284.8534583333333,271.8735416666667
320800,279.23217613636365,288.02429166666667,273.06445833333333,278.1910833333333,280.07258333333334,275.6118333333333,279.46353009259263,288.02429166666667,273.06445833333333
320900,278.92679356060603,287.39983333333333,272.26366666666667,278.79576041666667,280.6815416666667,275.81800000000004,278.95591203703697,287.39983333333333,272.26366666666667
321000,279.57885984848485,289.11000000000007,273.57141666666666,278.70175,280.5674166666667,275.8815416666667,279.7737731481481,289.11000000000007,273.57141666666666
321100,280.07658143939403,290.53616666666665,274.28445833333336,278.86863020833334,280.98,276.32045833333336,280.34501504629634,290.53616666666665,274.28445833333336
321200,279.57703030303037,289.5135833333333,273.44849999999997,278.9991302083333,281.14616666666666,275.9290833333333,279.7054525462963,289.5135833333333,273.44849999999997
321300,278.82317424242416,286.18416666666667,272.54625000000004,277.68956770833336,279.80491666666666,275.31537499999996,279.07508680555543,286.18416666666667,272.54625000000004
330100,280.9496799242424,291.08562500000005,275.23579166666667,279.3154895833333,281.82525,277.12749999999994,281.31283333333334,291.08562500000005,275.23579166666667
330200,282.23581723484847,290.81920833333334,276.7729166666667,281.2326458333333,283.6919166666667,278.0655,282.458744212963,290.81920833333334,276.7729166666667
330300,283.24343465909084,292.67924999999997,276.1061666666666,283.0584895833333,287.418375,279.5625833333333,283.2845335648148,292.67924999999997,276.1061666666666
330400,281.5690748106061,291.20841666666666,276.7473333333333,280.263234375,282.20745833333336,277.5731666666666,281.8592615740741,291.20841666666666,276.7473333333333
330500,280.7953759469697,291.066375,275.650875,279.1529375,280.7715833333333,276.87875,281.16036226851855,291.066375,275.650875
330600,281.92729734848484,292.3925,276.17775,280.2908125,282.9332083333333,277.6777916666667,282.29096064814814,292.3925,276.17775
330700,282.3825198863637,293.05466666666666,275.90691666666675,280.7958333333333,284.682625,278.0804166666666,282.7351168981482,293.05466666666666,275.90691666666675
330800,282.36098011363634,292.5875833333333,275.88037499999996,280.9328072916667,285.0042916666667,278.76945833333326,282.6783518518519,292.5875833333333,275.88037499999996
330900,282.2699005681818,286.18475,277.6131666666667,282.71336979166665,284.8302916666666,279.4102083333334,282.1713518518518,286.18475,277.6131666666667
331000,282.7806960227272,293.4745,275.96225,281.8646354166667,287.001375,278.0962083333333,282.98426504629634,293.4745,275.96225
331100,282.6367916666667,292.2626666666667,275.2175416666667,281.85909375,286.48387500000007,278.56958333333336,282.809613425926,292.2626666666667,275.2175416666667
340100,280.279571969697,291.82141666666666,273.4676666666666,278.355859375,280.5330416666667,276.21695833333337,280.70706365740745,291.82141666666666,273.4676666666666
340200,280.7259450757575,292.4445,274.645875,278.7649635416667,280.70666666666665,276.51804166666665,281.16171875,292.4445,274.645875
340300,279.4620852272728,289.3470416666667,272.71554166666664,277.7380625,279.4437916666667,275.8616666666667,279.8452013888889,289.3470416666667,272.71554166666664
340400,279.88504261363636,290.6045,273.1180833333333,277.8807135416667,279.87954166666674,276.19458333333336,280.33044907407407,290.6045,273.1180833333333
340500,280.38027746212134,291.8811666666667,273.99929166666664,278.61156250000005,280.796125,276.3933333333334,280.7733252314815,291.8811666666667,273.99929166666664
340600,279.04524810606057,286.99579166666666,272.4807916666666,277.4274375,278.94312499999995,275.7142083333334,279.4047615740741,286.99579166666666,272.4807916666666
340700,280.66336647727275,292.3329166666667,274.28329166666657,278.6574010416667,280.3315,276.5762916666667,281.1091365740741,292.3329166666667,274.28329166666657
340800,280.0118797348485,290.8475416666667,273.87695833333333,277.87456770833336,279.42429166666665,275.8939166666666,280.48683796296297,290.8475416666667,273.87695833333333
341000,280.55787026515156,291.50920833333333,274.33212499999996,278.68445833333334,279.94891666666666,276.7654166666667,280.97418402777777,291.50920833333333,274.33212499999996
341100,279.6970037878788,290.74333333333334,272.9690416666667,278.12561458333334,280.10404166666666,275.86979166666674,280.0462013888889,290.74333333333334,272.9690416666667
341200,279.6523465909091,288.660375,273.00708333333336,277.47076562499996,279.518875,276.3929583333333,280.13714236111105,288.660375,273.00708333333336
341300,278.89436268939403,286.566125,272.39162500000003,277.3816510416667,278.95945833333343,275.62541666666664,279.23052083333334,286.566125,272.39162500000003
341500,279.67830113636353,291.17891666666657,272.44625,277.44817708333335,279.35058333333325,275.56945833333333,280.1738842592592,291.17891666666657,272.44625
341600,279.31842518939396,287.46245833333336,272.844625,277.42090625000003,279.1347083333333,276.199,279.74009606481485,287.46245833333336,272.844625
341700,281.03213636363637,292.7594166666667,274.8386666666667,278.7356979166667,280.076625,277.0249583333333,281.5424560185186,292.7594166666667,274.8386666666667
341800,280.52799147727274,292.23729166666664,274.52200000000005,278.469640625,280.14216666666664,276.27608333333336,280.9854027777779,292.23729166666664,274.52200000000005
350100,285.35418181818176,293.03916666666663,278.43779166666667,285.94108854166666,289.7243333333334,282.1199583333333,285.2237581018519,293.03916666666663,278.43779166666667
350200,286.9788162878788,294.0257083333334,280.73158333333333,288.11861979166673,292.7427916666667,284.0597916666667,286.72552662037026,294.0257083333334,280.73158333333333
350300,285.7982765151515,293.5745833333333,279.31200000000007,286.6260208333333,290.7249583333333,282.4385833333333,285.6143333333333,293.5745833333333,279.31200000000007
350400,284.9169687499999,292.9485,275.9724166666667,285.0358489583333,290.0337916666666,280.26687499999997,284.89055092592594,292.9485,275.9724166666667
350500,286.4457301136364,293.54941666666673,279.37641666666667,287.69628645833336,292.21524999999997,283.73845833333337,286.16782870370366,293.54941666666673,279.37641666666667
350600,287.6099782196969,293.92704166666664,281.6535833333333,288.782265625,293.1227083333333,285.07587499999994,287.34946990740735,293.92704166666664,281.6535833333333
350700,284.1020890151515,292.3984583333333,276.0007916666667,283.8609270833333,288.23045833333333,279.40391666666665,284.15568055555553,292.3984583333333,276.0007916666667
350800,285.7054270833334,293.2590833333333,276.941,286.523234375,291.57166666666666,281.66170833333325,285.52369212962964,293.2590833333333,276.941
350900,283.9458712121212,292.08,276.2984583333334,284.4252760416667,288.54741666666666,280.7869166666666,283.8393368055556,292.08,276.2984583333334
360100,282.79271496212124,293.03441666666663,277.37774999999993,280.6394583333333,282.21212499999996,279.20725,283.2712164351851,293.03441666666663,277.37774999999993
360200,282.5246941287878,292.85787500000004,276.19649999999996,280.85042708333333,282.4114166666667,279.0932083333333,282.89675347222226,292.85787500000004,276.19649999999996
360300,283.2848664772728,294.04920833333335,276.8294583333334,281.0508802083333,283.9554166666667,277.78574999999995,283.7813078703705,294.04920833333335,276.8294583333334
360400,281.4015634469697,292.033875,275.525875,279.18840625,280.4015416666667,277.54949999999997,281.89337615740743,292.033875,275.525875
360500,283.22260132575764,293.40024999999997,277.5474166666667,281.0171510416667,283.31316666666663,278.12887499999994,283.712701388889,293.40024999999997,277.5474166666667
360600,283.9583001893939,294.23833333333334,277.1900416666667,282.14380208333336,284.0145833333333,279.7187083333334,284.3615219907408,294.23833333333334,277.1900416666667
360700,285.15980587121214,293.09979166666665,277.79412499999995,284.1656770833333,290.2463333333333,279.63991666666664,285.3807233796296,293.09979166666665,277.79412499999995
360800,283.9674488636363,293.61229166666664,277.635375,281.99115625,286.34004166666665,278.028625,284.406625,293.61229166666664,277.635375
360900,282.3902613636364,292.61541666666665,276.54279166666674,280.2827083333333,282.281,277.924,282.85860648148144,292.61541666666665,276.54279166666674
361000,283.87148295454546,293.5949583333334,276.787875,282.05034374999997,285.75949999999995,279.24091666666664,284.2761805555556,293.5949583333334,276.787875
361100,283.1446912878788,292.9468333333333,276.60245833333335,281.61816145833336,284.0194166666667,279.285625,283.48392013888883,292.9468333333333,276.60245833333335
370100,276.6041600378788,285.8885416666667,270.45854166666663,274.6785364583333,276.1871666666667,273.20320833333335,277.0320763888888,285.8885416666667,270.45854166666663
370200,276.3131070075758,282.853125,269.85408333333334,275.44267187500003,277.91912500000007,273.5835416666666,276.50653703703705,282.853125,269.85408333333334
370300,276.06287594696977,285.5485,269.0028333333334,274.4293645833334,276.12595833333336,273.1142916666667,276.42587847222217,285.5485,269.0028333333334
370400,277.9783153409091,285.692,271.6619166666666,276.7745833333333,277.6685416666666,275.02774999999997,278.2458113425926,285.692,271.6619166666666
370500,275.90703503787876,284.874625,269.73008333333337,274.2997552083333,276.21287499999994,273.1171666666666,276.26420833333333,284.874625,269.73008333333337
370600,275.4142490530303,281.38233333333335,267.8567499999999,274.74081770833334,276.45899999999995,273.187125,275.563900462963,281.38233333333335,267.8567499999999
370700,276.2333390151514,284.75475000000006,269.7283333333333,274.84163020833336,277.04033333333336,273.1392916666666,276.54260763888885,284.75475000000006,269.7283333333333
370800,277.8483873106061,286.4788333333333,271.6089583333334,276.2431041666667,277.35841666666664,274.74620833333336,278.20511689814816,286.4788333333333,271.6089583333334
370900,276.84903882575765,285.53475,270.731375,275.2783333333333,276.5492083333333,273.50854166666664,277.1980844907408,285.53475,270.731375
371000,275.61846590909096,281.70579166666664,267.6701666666667,275.0467291666667,276.7094166666667,273.0772083333333,275.7455185185185,281.70579166666664,267.6701666666667
371100,276.41333238636366,283.4805833333333,270.0192083333334,275.58868229166666,277.4932916666667,274.2259166666666,276.5965879629629,283.4805833333333,270.0192083333334
371300,276.58682859848483,284.2464166666667,270.12475,275.6098645833333,276.77845833333333,273.92383333333333,276.80393171296294,284.2464166666667,270.12475
371400,276.59392803030295,286.3417083333334,271.27983333333333,273.8990416666667,275.220375,272.48637500000007,277.1927916666666,286.3417083333334,271.27983333333333
371500,277.2645738636362,286.4855833333334,272.0330833333333,274.57314062499995,275.86804166666667,273.5261666666667,277.86267013888886,286.4855833333334,272.0330833333333
371600,276.0171477272728,285.1335416666667,270.39445833333326,274.158921875,275.69954166666656,273.00945833333327,276.4300868055555,285.1335416666667,270.39445833333326
371700,278.3514327651515,287.44908333333325,272.7835833333333,276.40194270833337,277.59900000000005,275.44087500000006,278.78465277777775,287.44908333333325,272.7835833333333
410100,278.2500871212121,285.7534166666666,270.95883333333336,276.13196875,277.725375,274.83312500000005,278.7207800925925,285.7534166666666,270.95883333333336
410200,278.6632017045455,287.039375,272.4983333333333,276.32013541666663,277.334125,274.8793749999999,279.1838831018519,287.039375,272.4983333333333
410300,276.76654545454545,283.5770416666666,269.74875000000003,274.37634374999993,275.27074999999996,273.77912499999996,277.2977013888889,283.5770416666666,269.74875000000003
410400,278.3874479166667,285.73025,271.4705833333333,275.9842760416667,277.3035416666666,274.75658333333337,278.9214861111111,285.73025,271.4705833333333
410500,276.87599337121213,285.1863333333334,270.9062083333334,274.1431979166667,275.26966666666675,272.99241666666666,277.48328125,285.1863333333334,270.9062083333334
410600,277.1450833333334,284.84641666666664,270.65254166666665,274.7774427083333,276.0725833333333,273.7380833333333,277.6712256944445,284.84641666666664,270.65254166666665
410700,277.3563702651515,285.04170833333336,270.9108333333333,274.8751666666667,276.08020833333336,273.82149999999996,277.9077488425926,285.04170833333336,270.9108333333333
410800,277.12857291666666,283.9779583333333,270.47666666666663,274.77934375,275.48783333333324,273.6073333333333,277.6506238425926,283.9779583333333,270.47666666666663
410900,277.78540056818184,286.43554166666667,272.4362916666667,275.48715625,276.6041666666667,274.4766666666666,278.29612152777787,286.43554166666667,272.4362916666667
411000,278.6327755681818,286.3816666666667,271.9072083333333,276.38430208333335,278.08458333333334,274.932125,279.13243634259254,286.3816666666667,271.9072083333333
411100,279.2139015151515,287.1805,273.5622916666667,276.58168229166665,278.0652916666666,274.7989166666666,279.7988391203704,287.1805,273.5622916666667
411200,276.1370549242425,283.0407916666667,270.56891666666667,273.64908854166663,274.75304166666666,272.1791666666666,276.68993634259255,283.0407916666667,270.56891666666667
411300,278.7014952651515,285.3915416666667,272.95320833333335,276.320109375,277.5144166666666,275.3199583333333,279.23069212962963,285.3915416666667,272.95320833333335
411400,278.93456912878776,287.4389583333334,273.104125,276.9910208333333,278.3279166666666,276.2441250000001,279.3664687499999,287.4389583333334,273.104125
411500,279.90122537878784,290.436625,272.9140416666667,277.4951458333333,279.4841666666667,276.15512499999994,280.4359097222222,290.436625,272.9140416666667
411600,279.34082859848485,287.71379166666674,273.7545416666667,276.89168229166665,278.69441666666665,275.59,279.88508333333334,287.71379166666674,273.7545416666667
411700,279.5860473484849,287.936,274.1052916666667,276.9295260416667,278.6792500000001,275.36804166666667,280.17638541666656,287.936,274.1052916666667
419001,275.3040596590909,282.69504166666667,268.79966666666667,272.5516822916667,273.66058333333325,270.8124166666667,275.91569907407404,282.69504166666667,268.79966666666667
420100,281.35011174242413,292.6437083333334,274.2527916666666,278.95493229166664,280.64624999999995,277.0900833333333,281.88237384259253,292.6437083333334,274.2527916666666
420200,281.59294507575765,292.7741249999999,275.1759583333333,279.47219791666663,280.67100000000005,277.5876666666666,282.0642222222222,292.7741249999999,275.1759583333333
420300,278.0505170454546,284.34608333333335,272.4617083333333,275.5276458333334,277.2417083333333,274.2803750000001,278.6111550925926,284.34608333333335,272.4617083333333
420500,278.95319696969693,285.74099999999993,272.7018333333333,276.80657812500004,278.57912500000003,274.5276666666667,279.43022337962964,285.74099999999993,272.7018333333333
420600,279.4394289772727,286.8397083333333,273.0384166666667,277.002703125,278.8942916666667,275.59424999999993,279.98092361111117,286.8397083333333,273.0384166666667
420700,281.89686647727274,293.1021666666667,275.3029583333334,279.5135677083333,280.80074999999994,277.72937499999995,282.4264884259259,293.1021666666667,275.3029583333334
420800,280.7826931818183,290.0142916666667,274.27837500000004,278.3208854166666,280.4322916666666,276.38025,281.32976157407404,290.0142916666667,274.27837500000004
420900,280.5994043560607,291.16033333333337,273.2625,278.1742447916667,279.8694583333333,276.38395833333334,281.1383287037037,291.16033333333337,273.2625
421000,281.54717045454555,291.651125,274.81708333333336,279.2530052083334,281.4517916666667,277.119125,282.0569849537037,291.651125,274.81708333333336
421100,280.604428030303,291.6838333333332,273.8498333333334,278.5869010416667,280.32029166666666,276.7746666666667,281.0527673611111,291.6838333333332,273.8498333333334
421200,281.5045757575757,293.26499999999993,274.3889166666666,279.1166979166666,281.06508333333323,277.251625,282.03521527777787,293.26499999999993,274.3889166666666
421300,279.94050473484845,289.02541666666673,273.10391666666663,277.40279166666664,279.11370833333325,275.84999999999997,280.50444097222226,289.02541666666673,273.10391666666663
422800,278.6442660984849,284.3237083333333,273.567,277.125046875,279.3267916666667,275.07345833333335,278.9818703703703,284.3237083333333,273.567
429004,281.32966382575756,292.3314166666667,274.1077916666666,278.9295989583333,281.09075,277.0145416666666,281.86301157407405,292.3314166666667,274.1077916666666
429005,281.36081912878785,291.38195833333333,274.6394583333333,278.9612916666667,281.01237499999996,276.83045833333335,281.8940474537037,291.38195833333333,274.6394583333333
429006,281.12429829545454,291.2534583333334,274.14799999999997,278.70886979166664,280.72616666666664,276.6858333333334,281.6610601851852,291.2534583333334,274.14799999999997
429021,275.50859943181814,282.62325000000004,267.7844166666667,273.04106770833334,275.2259583333334,270.6427916666667,276.05693981481477,282.62325000000004,267.7844166666667
430100,282.365493371212,293.5504583333334,275.64112500000005,279.8400572916667,282.46866666666665,277.53745833333335,282.92670138888883,293.5504583333334,275.64112500000005
430200,283.4731202651515,294.07300000000004,276.89275,280.98822916666666,284.21208333333334,278.1513333333334,284.02531828703707,294.07300000000004,276.89275
430300,282.53764109848487,293.996875,276.0897916666666,279.5862760416667,282.0055,276.99775,283.19350000000003,293.996875,276.0897916666666
430400,283.2996145833333,294.01983333333334,277.0925833333334,280.20451041666666,283.34795833333334,277.2499166666666,283.9874155092592,294.01983333333334,277.0925833333334
430500,281.66971685606063,291.0934583333333,275.0734583333334,278.92186458333333,281.48124999999993,275.3467083333333,282.28035069444445,291.0934583333333,275.0734583333334
430600,281.9828304924242,293.1976666666667,275.105375,279.5772916666666,282.16904166666666,277.458375,282.5173946759259,293.1976666666667,275.105375
430700,281.1240217803031,290.2171666666666,274.7555416666667,278.97646875,281.50833333333327,276.57029166666666,281.6012557870371,290.2171666666666,274.7555416666667
430800,279.82357291666665,286.83804166666664,274.52725000000004,277.99618749999996,279.99970833333333,274.97262499999994,280.2296585648148,286.83804166666664,274.52725000000004
430900,281.44020075757567,291.9590833333333,274.70620833333334,278.89992708333335,281.87379166666665,276.42041666666665,282.00470601851845,291.9590833333333,274.70620833333334
431000,283.61394412878786,292.84475000000003,275.9622916666666,281.5152708333333,286.748375,277.4560833333333,284.08031597222225,292.84475000000003,275.9622916666666
431100,283.3051467803031,292.6864583333333,275.8874166666667,280.9459375,285.5579583333334,276.599,283.8294155092593,292.6864583333333,275.8874166666667
431200,281.52191950757583,291.11720833333334,275.66262499999993,278.7870572916667,280.8960416666667,275.80729166666663,282.1296666666667,291.11720833333334,275.66262499999993
431300,281.35014393939394,291.8652916666667,274.7115833333333,278.54229166666664,280.6814583333333,275.54991666666666,281.97411111111114,291.8652916666667,274.7115833333333
433100,280.49474810606057,288.1073333333333,275.48025,278.581453125,280.5890416666666,275.5814166666667,280.9199247685185,288.1073333333333,275.48025
440100,289.5706022727272,295.873,282.77012500000006,290.25435416666664,295.025,285.65095833333334,289.41865740740747,295.873,282.77012500000006
440200,285.46643560606054,293.40433333333334,277.7504166666667,284.827421875,290.436125,280.08491666666674,285.6084386574073,293.40433333333334,277.7504166666667
440300,290.43070643939404,295.5440833333333,283.48145833333336,291.6510416666667,295.08883333333335,287.1181250000001,290.1595208333334,295.5440833333333,283.48145833333336
440400,290.31131249999993,295.4290833333333,283.2121666666667,291.45326041666664,294.5990416666666,286.99625,290.0575462962963,295.4290833333333,283.2121666666667
440500,289.587678030303,296.1695416666667,283.194625,290.771515625,294.859125,287.7207916666667,289.32460300925925,296.1695416666667,283.194625
440600,289.7493295454546,296.28358333333335,283.0772083333333,290.13215625000004,294.4983333333334,285.613125,289.6642569444445,296.28358333333335,283.0772083333333
440700,289.99877367424244,295.814125,282.66129166666667,290.939484375,294.5664583333333,286.20212499999997,289.7897268518519,295.814125,282.66129166666667
440800,291.93816193181823,296.77500000000003,284.46225,292.80662500000005,295.8629583333333,289.98025,291.74517013888885,296.77500000000003,284.46225
440900,289.97274905303027,295.52237500000007,282.168125,290.57428645833335,293.9092916666667,286.77179166666673,289.83907407407406,295.52237500000007,282.168125
441200,287.8380359848484,294.7665416666666,280.3935416666667,287.84363020833337,293.0351666666667,283.65495833333335,287.83679282407394,294.7665416666666,280.3935416666667
441300,289.23296969696963,295.66783333333336,281.96175000000005,290.39115625,294.7249583333333,285.6560416666667,288.97559490740736,295.66783333333336,281.96175000000005
441400,287.86057670454545,295.01741666666675,280.27912499999996,288.87068229166664,294.099625,284.17520833333333,287.6361087962963,295.01741666666675,280.27912499999996
441500,289.221831439394,295.46070833333334,282.6152916666667,290.53476562500003,294.4156666666667,287.2238333333333,288.9300682870371,295.46070833333334,282.6152916666667
441600,287.43771685606066,294.72925000000004,279.91408333333334,288.00539062499996,293.60295833333333,283.27704166666666,287.3115671296297,294.72925000000004,279.91408333333334
441700,289.49425284090904,295.16787500000004,281.84345833333333,290.3582708333333,293.53862499999997,286.12575,289.3022488425925,295.16787500000004,281.84345833333333
441800,286.16490435606056,294.13450000000006,278.0373333333333,285.5630364583333,291.22495833333335,280.86091666666664,286.29865277777776,294.13450000000006,278.0373333333333
441900,290.54277651515144,296.2488333333334,283.5055416666667,291.69996354166665,295.7844166666666,286.6115,290.2856238425925,296.2488333333334,283.5055416666667
442000,290.6591837121212,296.66529166666675,283.5068333333333,291.647046875,295.6172916666667,286.54137499999996,290.4396585648148,296.66529166666675,283.5068333333333
445100,288.5571780303031,295.1498333333334,281.56587499999995,289.8827864583333,294.301125,286.061,288.26259837962965,295.1498333333334,281.56587499999995
445200,288.57045549242423,295.33408333333335,281.60241666666667,289.7766875,294.19104166666665,286.17875,288.3024039351852,295.33408333333335,281.60241666666667
445300,288.93461553030306,295.269,281.51525,289.2652604166667,293.4590416666667,285.1440833333333,288.8611388888889,295.269,281.51525
450100,288.2774251893941,295.41325,281.75208333333325,286.755546875,293.5614166666666,281.75208333333325,288.6156203703703,295.41325,282.444875
450200,285.24985511363644,293.6846666666667,277.949,283.1338333333333,289.80516666666665,277.949,285.72008217592594,293.6846666666667,278.81766666666664
450300,284.10361553030293,292.34875,276.86141666666657,282.355109375,288.3295,277.3591666666666,284.49217245370363,292.34875,276.86141666666657
450400,287.8910833333333,295.06441666666666,280.7030416666667,287.469625,293.2953333333333,282.28816666666665,287.98474074074073,295.06441666666666,280.7030416666667
450500,290.91126988636364,296.31775,284.17979166666663,290.657296875,295.31779166666666,284.50145833333323,290.96770833333335,296.31775,284.17979166666663
450600,288.7276647727272,294.83112500000004,282.8180833333333,287.874921875,293.2373333333333,282.8180833333333,288.9171631944444,294.83112500000004,283.09425
450700,289.63149431818186,295.9230416666667,282.8183333333333,288.58284895833333,294.72374999999994,282.8183333333333,289.8645266203705,295.9230416666667,283.33370833333333
450800,288.2434583333333,295.6166666666667,281.6735833333334,287.2862083333333,293.8489583333333,281.9358333333334,288.45618055555553,295.6166666666667,281.6735833333334
450900,289.24289015151516,295.5112500000001,282.2308333333334,288.9255572916667,294.1929166666667,283.9459166666666,289.3134085648147,295.5112500000001,282.2308333333334
451000,286.4301751893939,293.291,279.73583333333335,285.5809427083333,292.1517083333333,279.73583333333335,286.6188935185185,293.291,280.74329166666666
451100,285.6399696969697,293.35975,277.86825,284.698140625,290.4634583333334,279.176375,285.8492650462963,293.35975,277.86825
451200,285.54086742424244,293.4381666666667,278.4185416666666,283.8721458333333,290.4637083333334,278.4185416666666,285.9116944444445,293.4381666666667,279.40391666666665
451300,287.3808380681818,294.9951666666667,280.305875,285.85911458333334,292.36920833333335,280.305875,287.71899884259255,294.9951666666667,280.71754166666665
451400,288.6417357954545,295.21958333333333,282.8605833333333,287.54359895833335,294.0638333333333,282.8605833333333,288.8857662037037,295.21958333333333,283.2195833333333
460100,293.6970170454545,297.3464166666667,288.30933333333326,295.13089583333334,296.20150000000007,294.1914583333333,293.3783773148148,297.3464166666667,288.30933333333326
460200,294.0079962121212,297.54875,288.85229166666664,294.9877604166667,295.6250416666666,293.9266666666667,293.79027083333335,297.54875,288.85229166666664
460400,294.13987405303027,298.993625,287.8969166666667,295.5704427083333,296.41599999999994,294.75295833333325,293.8219699074073,298.993625,287.8969166666667
469001,291.67690719696975,296.20262500000007,284.7814166666667,292.9585208333333,293.6385,291.3681666666667,291.39210416666674,296.20262500000007,284.7814166666667
469002,293.5286354166666,298.0050833333333,287.1063333333333,294.8364895833333,296.0284166666666,293.5816666666667,293.2380011574074,298.0050833333333,287.1063333333333
469005,293.8945634469696,297.25124999999997,288.2649166666667,295.1695052083333,296.093125,294.3098333333333,293.61124305555546,297.25124999999997,288.2649166666667
469006,292.6301079545455,297.33954166666666,286.7847083333333,293.78431770833333,294.70295833333336,292.6249166666666,292.3736168981482,297.33954166666666,286.7847083333333
469007,294.81322916666664,299.2072083333333,288.62945833333333,295.84979166666665,296.6384583333333,295.36524999999995,294.58288194444447,299.2072083333333,288.62945833333333
469021,294.0695151515152,298.29449999999997,287.60029166666664,295.585890625,296.97554166666663,294.1768333333333,293.7325428240741,298.29449999999997,287.60029166666664
469022,293.6762225378788,298.3414166666667,286.68216666666666,295.11442708333334,296.34195833333325,293.569375,293.35662152777775,298.3414166666667,286.68216666666666
469023,293.81381723484856,298.2538333333333,287.1326666666667,295.42491666666666,296.6683749999999,294.35049999999995,293.4557951388889,298.2538333333333,287.1326666666667
469024,293.626168560606,297.47608333333335,287.6862500000001,295.11509895833336,296.117,293.94195833333333,293.29529513888883,297.47608333333335,287.6862500000001
469025,293.4988361742425,298.5123333333334,286.450875,294.85836979166663,295.5328333333334,293.9305833333333,293.1967175925925,298.5123333333334,286.450875
469026,294.56841382575755,299.4285833333334,288.4979166666667,295.7476302083333,296.3637916666667,294.914875,294.3063657407407,299.4285833333334,288.4979166666667
469027,293.3943589015152,297.3198333333333,287.6460416666667,294.43738541666664,294.95258333333334,293.33245833333325,293.1625752314815,297.3198333333333,287.6460416666667
469028,291.8752575757576,296.5420833333333,285.7185416666667,293.02532291666665,293.79049999999995,291.36499999999995,291.6196875,296.5420833333333,285.7185416666667
469029,291.84240151515155,296.36508333333325,285.4789166666667,292.9842083333333,293.8207499999999,291.35395833333337,291.5886666666667,296.36508333333325,285.4789166666667
469030,291.9661410984848,296.85895833333336,285.2947083333333,293.24288541666664,294.3197083333334,291.6540416666666,291.6824201388888,296.85895833333336,285.2947083333333
500000,281.1554185606061,285.8365416666666,276.0545,279.87942187500005,281.89608333333337,278.22445833333336,281.43897337962966,285.8365416666666,276.0545
510100,279.3876950757577,286.3737500000001,274.9998333333333,277.99809375,279.66975,276.7871666666667,279.6964953703704,286.3737500000001,274.9998333333333
510300,283.86038920454536,289.61791666666664,279.474375,282.6902604166667,284.59916666666663,280.98516666666666,284.12041782407397,289.61791666666664,279.474375
510400,282.48517329545456,288.0327916666666,274.6171666666667,281.94066666666663,284.3800833333334,274.6171666666667,282.6061747685185,288.0327916666666,275.7219166666667
510500,282.40451041666665,287.80858333333333,276.6609583333333,281.20204166666673,283.10466666666673,278.5633333333334,282.67172569444443,287.80858333333333,276.6609583333333
510600,281.0418892045454,287.64287500000006,277.0293750000001,279.6845625,281.56862500000005,278.3280833333334,281.3435173611111,287.64287500000006,277.0293750000001
510700,276.3048399621212,282.7235,271.9433333333333,275.2606666666667,276.7980416666667,273.8900416666667,276.5368784722222,282.7235,271.9433333333333
510800,278.6199138257576,284.7834583333333,275.0759166666666,277.264,279.191875,276.07475,278.9212280092593,284.7834583333333,275.0759166666666
510900,283.3678361742424,289.0220416666667,280.22925,282.145,283.98454166666664,280.7637916666667,283.6395775462963,289.0220416666667,280.22925
511000,283.7618683712122,289.4575,279.5257916666667,282.58871354166666,284.3713333333333,280.9556250000001,284.02256944444446,289.4575,279.5257916666667
511100,279.98621685606065,287.1435833333334,275.3109166666666,278.37444791666667,280.3773333333333,276.64879166666657,280.34438773148145,287.1435833333334,275.3109166666666
511300,282.8101439393939,287.78529166666664,279.36025,281.6071822916667,283.7147083333334,280.40524999999997,283.07746875,287.78529166666664,279.36025
511400,282.4736827651516,289.41287500000004,278.04800000000006,281.0930520833333,282.7674583333333,279.1516666666667,282.78048958333335,289.41287500000004,278.04800000000006
511500,283.10008901515147,289.42766666666665,278.160875,281.5743072916667,283.4115833333333,279.7180416666667,283.4391516203703,289.42766666666665,278.160875
511600,283.3039081439394,288.416375,278.2254166666666,282.2558229166666,284.590125,280.8224583333333,283.53681597222226,288.416375,278.2254166666666
511700,280.8766732954546,285.72041666666667,275.74525000000006,279.3133229166666,281.19020833333326,277.74724999999995,281.2240844907407,285.72041666666667,275.74525000000006
511800,271.189759469697,277.6190833333333,266.99979166666657,270.01875000000007,272.3338333333333,267.63854166666675,271.4499837962963,277.6190833333333,266.99979166666657
511900,279.6845132575758,285.36195833333335,276.17429166666665,278.2347395833333,280.1801666666666,276.855,280.0066851851851,285.36195833333335,276.17429166666665
512000,283.5368446969696,289.45683333333335,279.6984166666667,282.2842239583333,284.0485416666666,280.67808333333335,283.81520486111106,289.45683333333335,279.6984166666667
513200,263.18018749999993,270.1919166666667,257.90962500000006,263.47566666666665,265.7558333333333,257.9214166666667,263.11452546296294,270.1919166666667,257.90962500000006
513300,260.1809356060606,266.019375,251.8479166666666,259.1994270833333,263.36633333333333,251.8479166666666,260.39904861111114,266.019375,253.180125
513400,275.1224573863637,281.5434583333333,267.63158333333337,274.287640625,276.9749583333333,267.63158333333337,275.3079722222222,281.5434583333333,268.2645
520100,280.8546647727273,290.14483333333334,274.3117916666667,278.62556770833334,283.2690416666666,274.329625,281.3500196759259,290.14483333333334,274.3117916666667
520200,280.85078314393945,288.28062500000004,274.04912499999995,280.22375520833333,285.10329166666673,274.04912499999995,280.9901226851852,288.28062500000004,274.82741666666664
520300,280.30911174242425,287.0548750000001,275.25370833333324,278.7934635416667,281.28266666666667,276.2095,280.6459224537037,287.0548750000001,275.25370833333324
520400,282.3550833333333,289.9353333333333,276.15208333333334,280.97392708333336,285.91266666666667,276.15208333333334,282.66200694444444,289.9353333333333,276.52341666666666
520500,279.46945833333325,287.924,272.83016666666674,277.9743125,282.50208333333336,273.6579583333333,279.80171296296305,287.924,272.83016666666674
520600,280.19195265151524,287.7457083333333,274.89516666666674,277.80222395833334,279.3237916666666,274.89516666666674,280.7230034722222,287.7457083333333,274.9389583333334
522300,283.78202935606066,291.039875,277.34391666666676,282.897921875,287.7087916666667,277.34391666666676,283.97849768518523,291.039875,277.6369583333333
522600,281.2950625,289.9484166666667,274.76616666666666,278.4500104166667,281.7898333333334,274.9975,281.9272962962963,289.9484166666667,274.76616666666666
522700,282.29818465909085,290.68529166666667,275.408,280.24852604166665,285.325125,275.408,282.7536643518518,290.68529166666667,275.66583333333335
530100,283.2872168560606,287.90237499999995,275.5622916666667,282.9674791666667,285.25416666666666,275.5622916666667,283.358269675926,287.90237499999995,277.68075000000005
530300,281.3689488636364,287.6755416666667,273.73679166666665,280.97819791666666,284.2737916666667,273.73679166666665,281.4557824074074,287.6755416666667,275.3427500000001
530400,286.19401231060607,290.0134583333333,279.28891666666675,285.99217708333333,287.92558333333335,279.28891666666675,286.2388645833333,290.0134583333333,280.74954166666663
530500,283.29931723484856,287.32824999999997,278.652875,282.029390625,283.40116666666665,278.652875,283.5815231481482,287.32824999999997,279.72175
530600,279.21092234848487,286.02345833333334,273.6464583333333,277.5491979166667,280.77725000000004,274.73112499999996,279.5801944444444,286.02345833333334,273.6464583333333
530700,278.41967234848477,282.9384166666667,271.6200833333333,277.02973437500003,279.0819166666667,271.6200833333333,278.7285474537037,282.9384166666667,273.05354166666683
530800,287.9992509469696,291.3903333333332,283.131,286.952828125,288.31895833333334,283.131,288.2317893518518,291.3903333333332,283.65425
530900,286.4024820075757,290.4071666666667,281.5218333333333,284.79985416666665,286.3462083333333,281.5218333333333,286.75862152777773,290.4071666666667,282.39375
532300,284.7930321969697,289.1160833333333,277.44666666666666,283.81621875,285.80720833333334,277.44666666666666,285.0101018518518,289.1160833333333,279.28774999999996
532500,286.04282670454546,290.3429583333333,279.5317916666666,286.4520416666667,288.51124999999996,279.5317916666666,285.9518900462963,290.3429583333333,280.9637083333334
532600,285.18939299242425,291.3317916666667,277.49054166666673,285.19392708333334,289.618625,277.49054166666673,285.1883854166667,291.3317916666667,279.58716666666663
532800,290.2073806818182,293.2058333333334,286.52233333333334,289.75617708333334,291.02095833333334,287.2732916666667,290.30764814814825,293.2058333333334,286.52233333333334
532900,281.09023200757576,285.0201666666666,275.75691666666665,279.68165624999995,281.16487499999994,275.75691666666665,281.4032488425926,285.0201666666666,277.46158333333335
533100,286.20330018939393,290.09700000000004,282.14454166666667,285.03696354166664,286.1745,282.14454166666667,286.46248611111116,290.09700000000004,282.72312500000004
533300,273.1635587121213,277.04299999999995,266.95158333333336,272.33213020833335,274.53824999999995,266.95158333333336,273.34832060185187,277.04299999999995,267.5467916666667
533400,267.58756723484845,272.38075,258.4491666666666,267.0042447916667,269.93604166666665,259.60391666666663,267.71719444444454,272.38075,258.4491666666666
540100,261.5730246212121,267.9179583333334,255.0504166666667,259.19278125,263.3201250000001,255.0504166666667,262.10196759259253,267.9179583333334,256.1589583333333
540200,259.43387500000006,266.4274583333334,253.28695833333327,255.4606145833333,257.65137500000003,253.28695833333327,260.3168217592593,266.4274583333334,254.87233333333336
540300,257.63755492424247,263.3652916666667,249.53800000000004,256.750953125,261.55649999999997,249.53800000000004,257.8345775462963,263.3652916666667,251.24183333333337
540400,264.7981496212121,269.7872916666667,258.3869583333333,264.0057916666666,267.93862499999994,258.5445416666666,264.97422916666665,269.7872916666667,258.3869583333333
542200,267.4853683712121,272.0697916666666,262.7554166666666,265.81822916666664,269.08845833333334,262.7554166666666,267.85584375,272.0697916666666,264.02900000000005
542400,256.8849621212121,263.6735833333334,249.85237499999994,253.2341927083333,256.16945833333335,249.85237499999994,257.69624421296294,263.6735833333334,252.31233333333333
542500,255.57828219696975,262.393125,249.0372083333333,251.40997916666666,253.9579166666667,249.0372083333333,256.50457175925925,262.393125,250.39374999999995
610100,276.96095928030303,284.5788333333333,271.16666666666674,274.753796875,275.95725000000004,272.61725000000007,277.45143981481493,284.5788333333333,271.16666666666674
610200,274.3166496212121,281.0401666666667,267.9686666666667,271.742921875,272.2868333333334,270.8934166666666,274.88858912037034,281.0401666666667,267.9686666666667
610300,274.5629810606062,281.6175416666667,268.5809166666666,272.24329166666666,273.8407083333334,270.24820833333325,275.0784675925927,281.6175416666667,268.5809166666666
610400,275.76539962121205,282.461,269.14320833333335,273.32633854166664,274.401,271.8315416666666,276.3074131944444,282.461,269.14320833333335
610500,276.6314261363637,284.20500000000004,270.6045833333333,274.16409375,275.02370833333333,272.83620833333333,277.1797222222222,284.20500000000004,270.6045833333333
610600,272.63911363636356,280.29574999999994,265.39625000000007,269.88040104166663,271.05491666666666,268.25924999999995,273.2521608796297,280.29574999999994,265.39625000000007
610700,276.72852935606073,283.35525,272.4597916666667,275.04620833333337,276.70137500000004,273.524,277.10237847222226,283.35525,272.4597916666667
610800,271.3453835227273,280.15866666666665,263.77595833333334,267.95372395833334,269.45383333333325,266.5353333333333,272.09908564814816,280.15866666666665,263.77595833333334
610900,277.45175284090914,284.24687499999993,272.64933333333335,275.22024479166674,276.52083333333337,273.72825,277.9476435185185,284.24687499999993,272.64933333333335
611000,275.82667897727276,283.03887499999996,269.72125000000005,273.6037864583333,274.91024999999996,271.585875,276.3206550925926,283.03887499999996,269.72125000000005
620100,269.42407954545456,277.32224999999994,261.3784166666667,266.8690520833334,268.17179166666665,265.75079166666666,269.9918634259259,277.32224999999994,261.3784166666667
620200,270.33236837121206,278.3705833333334,261.2134583333334,266.6616354166667,268.02779166666664,265.96666666666664,271.1480868055555,278.3705833333334,261.2134583333334
620300,268.32997916666665,277.93666666666667,258.6944583333334,265.0408229166666,266.298875,263.20845833333334,269.0609027777778,277.93666666666667,258.6944583333334
620400,270.72983522727276,278.65762500000005,261.511,268.03213020833334,269.02866666666665,266.2895,271.3293252314815,278.65762500000005,261.511
620500,272.52009090909087,280.29333333333335,266.42275,270.4256302083333,272.404,269.1560833333333,272.9855266203703,280.29333333333335,266.42275
620600,268.8078740530304,278.98499999999996,259.4816666666666,265.401171875,266.89729166666666,264.2708333333333,269.5649189814815,278.98499999999996,259.4816666666666
620700,264.43790719696966,273.29141666666663,256.7516666666666,260.46317187500006,261.2995833333333,258.9509166666666,265.3211817129629,273.29141666666663,256.7516666666666
620800,272.5703958333333,279.76925,265.15112500000004,270.3663958333333,271.8973333333334,268.27562499999993,273.0601736111111,279.76925,265.15112500000004
620900,266.3060965909091,274.3230833333333,261.3027916666667,262.09631249999995,263.30341666666664,261.3027916666667,267.24160416666666,274.3230833333333,261.41754166666675
621000,272.346696969697,279.886875,264.26075000000003,269.7853958333333,270.78812500000004,267.80783333333335,272.915875,279.886875,264.26075000000003
621100,268.7554668560606,277.83145833333333,262.610875,266.50716145833337,268.52366666666666,264.80691666666667,269.2550902777777,277.83145833333333,262.610875
621200,271.5770018939393,279.892125,265.6482916666667,269.8148333333333,272.1124999999999,268.347375,271.96859490740746,279.892125,265.6482916666667
622900,269.27378503787884,277.4767083333333,262.891375,267.04552083333334,268.4803750000001,265.42333333333323,269.7689548611112,277.4767083333333,262.891375
623000,265.2192054924243,274.435625,259.5305,263.28989583333333,265.0798333333334,259.5305,265.64794097222216,274.435625,259.98712499999993
630100,262.5454630681818,271.33637500000003,256.04062500000003,259.3416458333333,261.29008333333326,257.24320833333326,263.25742245370367,271.33637500000003,256.04062500000003
630200,267.3677632575757,275.20391666666666,260.16737500000005,264.7591666666666,266.40462499999995,263.36904166666665,267.9474513888889,275.20391666666666,260.16737500000005
632200,257.67500189393945,266.26079166666665,251.94216666666668,254.25740625000003,255.86366666666655,253.07816666666668,258.4344675925925,266.26079166666665,251.94216666666668
632300,264.34103125000007,273.3580416666666,258.86425,262.539359375,264.44829166666665,258.86425,264.7414027777778,273.3580416666666,259.261125
632500,263.2382821969697,271.77025000000003,257.6426666666667,261.05203124999997,262.753,258.1097083333333,263.7241157407406,271.77025000000003,257.6426666666667
632600,258.7177537878788,267.3900416666666,251.71175000000002,256.5576666666667,261.36387499999995,251.71175000000002,259.19777314814814,267.3900416666666,253.85299999999998
632700,255.64625946969701,261.23408333333333,249.246625,252.7191822916667,257.82175000000007,249.246625,256.29672106481485,261.23408333333333,251.25724999999997
632800,260.2339820075758,266.8767916666667,255.2039583333333,256.63203125,257.75295833333337,255.60291666666672,261.03441550925925,266.8767916666667,255.2039583333333
640100,271.53925094696973,280.4984166666666,262.3496666666667,268.4711354166667,269.709,266.5623333333334,272.2210543981481,280.4984166666666,262.3496666666667
640200,270.69708806818187,280.3075,259.71229166666666,267.539234375,268.91349999999994,265.8815416666667,271.3988333333334,280.3075,259.71229166666666
640300,272.0687414772728,281.5985416666667,262.5222083333333,268.95617187500005,270.4148333333333,267.21200000000005,272.7604236111111,281.5985416666667,262.5222083333333
640400,270.7011107954545,278.25066666666663,262.1227083333333,268.35286979166665,269.739375,265.97445833333325,271.22294212962964,278.25066666666663,262.1227083333333
640500,271.5784791666666,280.42004166666663,262.04600000000005,268.33734375000006,269.6902916666667,266.4490833333333,272.2987314814816,280.42004166666663,262.04600000000005
650100,263.4595558712121,272.1725833333333,258.40483333333333,259.7822447916667,261.565625,258.98837499999996,264.2767361111111,272.1725833333333,258.40483333333333
650200,264.6823674242424,275.5755833333333,257.78683333333333,261.0749010416667,262.04249999999996,259.84475000000003,265.4840266203704,275.5755833333333,257.78683333333333
650400,267.58608143939404,277.368625,263.06537499999996,263.58939062499996,264.473625,263.06766666666664,268.4742349537037,277.368625,263.06537499999996
652200,266.8993863636363,277.02600000000007,261.6568333333333,262.53775520833335,263.9405,261.6568333333333,267.8686377314814,277.02600000000007,262.5798333333334
652300,264.63428787878786,274.6574166666667,259.3069166666666,261.16984375,262.237875,260.056875,265.4041643518519,274.6574166666667,259.3069166666666
652700,265.3988276515152,272.00370833333335,259.38416666666666,262.4816875,265.46841666666666,261.1299166666667,266.04708101851844,272.00370833333335,259.38416666666666
652800,266.1358390151516,274.46774999999997,261.43358333333333,261.8498020833334,262.6955,261.43358333333333,267.0882916666667,274.46774999999997,261.947
652900,268.73047443181815,277.71570833333334,263.61233333333337,264.3966875,265.2247499999999,263.61233333333337,269.6935381944444,277.71570833333334,264.3945833333333
653000,261.54078977272724,269.3012916666667,254.09291666666672,256.851546875,258.61949999999996,254.09291666666672,262.58284375,269.3012916666667,256.532125
653100,266.3455,274.77916666666664,259.9772500000001,261.24459375000004,262.39158333333336,259.9772500000001,267.47903472222225,274.77916666666664,262.09445833333336
653200,266.1341638257576,274.92375,260.1932916666667,261.53841666666665,263.11954166666663,260.1932916666667,267.15544097222227,274.92375,262.13875
654000,264.89130776515157,271.43149999999997,259.1034583333334,260.9469427083333,263.85516666666666,259.1034583333334,265.76783333333344,271.43149999999997,259.817
654200,265.0120785984848,272.6025416666667,259.1129583333334,262.39116145833333,264.5593750000001,261.385,265.5945046296296,272.6025416666667,259.1129583333334
654300,262.15883806818186,270.85487500000005,253.39458333333332,260.0612916666667,261.73087499999997,258.471375,262.62495949074065,270.85487500000005,253.39458333333332
659001,263.1039981060606,274.04541666666665,255.21208333333334,259.34035937499993,260.6505,256.11075,263.9403622685185,274.04541666666665,255.21208333333334
659002,271.58061268939394,281.25083333333345,266.70258333333334,267.608234375,268.810375,266.70258333333334,272.463363425926,281.25083333333345,267.31670833333334
659003,273.8305767045454,283.62899999999996,268.5434583333334,269.35878125,270.15874999999994,268.5434583333334,274.82430902777776,283.62899999999996,269.7599583333333
659004,261.27053314393936,273.7260833333333,253.30975000000004,256.8312291666667,258.9472083333333,253.30975000000004,262.25704513888894,273.7260833333333,253.92016666666666
659005,261.9338238636364,272.41637499999996,249.57433333333333,260.2818854166667,261.0529166666666,259.4191666666667,262.3009212962963,272.41637499999996,249.57433333333333
710000,288.9474763257576,293.88212500000003,282.5075416666667,289.67802604166667,292.4106666666666,286.6645833333334,288.7851319444444,293.88212500000003,282.5075416666667
810000,290.5174573863636,295.51787499999995,283.61129166666666,291.75881250000003,294.7547500000001,287.79445833333335,290.2416006944444,295.51787499999995,283.61129166666666
