id,rh_mean,rh_max,rh_min,rh_mean_before,rh_max_before,rh_min_before,rh_mean_after,rh_max_after,rh_min_after
110000,50.60606079545453,86.72239583333332,26.050937500000003,46.992046875,57.517783333333334,34.093583333333335,51.409175,86.72239583333332,26.050937500000003
120000,52.17952140151515,90.38672916666667,23.630437500000003,46.91676041666667,60.70629166666666,25.327987500000006,53.3490238425926,90.38672916666667,23.630437500000003
130100,55.50260388257575,87.73307499999999,22.754337500000002,50.792920312499994,63.900370833333334,34.4772625,56.549200231481485,87.73307499999999,22.754337500000002
130200,51.6580534090909,93.55152916666667,27.5501375,47.05627239583334,63.303583333333336,27.5501375,52.68067141203703,93.55152916666667,28.009716666666666
130300,51.87272282196969,89.61441666666667,29.95794583333333,48.088971875,70.36373750000003,30.807416666666672,52.713556365740736,89.61441666666667,29.95794583333333
130400,56.82209857954544,83.02827083333334,24.752862499999996,56.38597395833333,78.44317500000001,33.02822083333333,56.919015162037034,83.02827083333334,24.752862499999996
130500,56.47409971590909,83.70726666666668,23.42135416666666,55.05314479166667,74.45915,31.36685,56.789867476851846,83.70726666666668,23.42135416666666
130600,53.62587509469699,85.58514166666667,25.621866666666673,48.73097552083333,61.4454,33.314962499999986,54.71363055555557,85.58514166666667,25.621866666666673
130700,50.50538759469698,75.766625,25.225583333333333,51.033415104166664,58.50101666666666,37.602174999999995,50.38804814814816,75.766625,25.225583333333333
130800,53.82731903409091,82.66422916666669,32.33207500000001,53.34103437500001,60.56342083333333,41.298862500000006,53.93538229166666,82.66422916666669,32.33207500000001
130900,54.431514015151514,86.79781250000002,21.262116666666667,51.24995520833334,72.20246666666668,29.133279166666664,55.138527083333344,86.79781250000002,21.262116666666667
131000,51.617964488636375,90.71977500000001,23.297254166666658,45.4167953125,55.41269166666666,24.850383333333337,52.996002083333345,90.71977500000001,23.297254166666658
131100,54.923127367424236,88.98783333333331,22.572325000000003,52.84612083333333,73.83160416666666,28.790791666666667,55.384684375,88.98783333333331,22.572325000000003
140100,51.20299867424242,89.61667499999999,29.242400000000004,51.558915625,60.23297083333333,43.42657083333333,51.123906018518525,89.61667499999999,29.242400000000004
140200,48.419190909090894,78.243,24.5663625,51.54496145833333,58.309604166666674,41.478087499999994,47.72457523148148,78.243,24.5663625
140300,53.074739488636354,87.25476666666667,24.350429166666668,53.94070364583334,69.60758750000001,41.910991666666675,52.88230300925925,87.25476666666667,24.350429166666668
140400,55.75669744318182,91.8157625,27.273983333333334,58.286413020833336,71.11845416666667,40.01385833333333,55.19453842592591,91.8157625,27.273983333333334
140500,58.857513446969705,91.44203333333336,25.994937500000002,62.11575156250001,79.35221250000002,38.72647083333333,58.1334605324074,91.44203333333336,25.994937500000002
140600,51.71319905303031,82.99662499999998,28.791479166666665,55.66154791666667,59.724516666666666,45.79940000000001,50.83578819444444,82.99662499999998,28.791479166666665
140700,52.0215925189394,87.86263333333333,26.788325000000004,53.12173020833333,62.17409583333333,42.377495833333334,51.777117476851856,87.86263333333333,26.788325000000004
140800,58.191998390151525,93.06010833333333,25.718437499999997,63.51688645833333,78.93067916666668,44.203224999999996,57.00868993055556,93.06010833333333,25.718437499999997
140900,52.14410388257575,86.87152083333332,27.994587499999994,53.736848958333326,58.16107499999999,42.926520833333335,51.790160532407405,86.87152083333332,27.994587499999994
141000,54.631896496212136,92.72117083333332,27.36334583333333,56.62821145833333,70.96151666666667,40.48896249999999,54.188270949074095,92.72117083333332,27.36334583333333
141100,51.57684526515152,92.88045833333332,31.530433333333338,50.65410572916666,58.002512500000016,43.239733333333334,51.78189849537036,92.88045833333332,31.530433333333338
150100,48.68200331439394,87.23687916666665,28.41495833333333,55.725294270833324,58.51290000000001,51.61558333333335,47.1168275462963,87.23687916666665,28.41495833333333
150200,47.976906250000006,75.13767500000002,22.329858333333334,56.37946875,63.703787500000004,50.597245833333346,46.109670138888895,75.13767500000002,22.329858333333334
150300,40.214125662878786,80.30089999999997,22.340329166666667,48.64069739583333,64.75969166666665,42.410579166666665,38.34155416666667,80.30089999999997,22.340329166666667
150400,53.570421212121204,69.81347083333334,34.256924999999995,57.426270833333334,68.14959583333334,42.225887500000006,52.713565740740734,69.81347083333334,34.256924999999995
150500,48.5335396780303,67.76934583333333,35.31805000000001,53.12550468749999,67.76934583333333,41.418395833333335,47.513103009259275,66.02993333333333,35.31805000000001
150600,45.79082102272728,76.7002,28.253675,53.751976041666666,64.80289583333334,49.41735416666668,44.02167546296297,76.7002,28.253675
150700,72.01926145833333,93.40156666666667,50.88514166666666,81.79296875000001,93.40156666666667,63.585312499999986,69.8473265046296,89.56881666666665,50.88514166666666
150800,44.82867803030303,75.39265416666666,20.950729166666665,54.251488541666674,60.13500833333333,50.75583749999999,42.73472013888889,75.39265416666666,20.950729166666665
150900,50.74592651515154,73.98209166666666,25.67335416666667,56.102833333333336,62.0738625,47.58079166666666,49.555502777777775,73.98209166666666,25.67335416666667
152200,57.53685000000001,79.73349999999999,36.8655125,63.701430208333335,79.73349999999999,49.79235416666666,56.16694328703703,70.31122916666668,36.8655125
152500,60.76252916666665,78.05775833333333,30.822325000000003,68.72299583333333,75.51573333333333,52.9331,58.99353657407408,78.05775833333333,30.822325000000003
152900,38.59112844696969,67.43724166666667,19.526683333333335,51.07654479166666,53.596258333333346,47.28199583333333,35.81659148148148,67.43724166666667,19.526683333333335
210100,46.03861893939395,88.62089583333334,19.814383333333332,46.66417395833334,65.56424166666667,24.18467916666667,45.89960671296296,88.62089583333334,19.814383333333332
210200,60.522544791666675,94.66945833333334,27.162975000000003,55.08104010416667,90.19729166666667,27.162975000000003,61.73176805555556,94.66945833333334,30.34818333333334
210300,52.477374337121205,89.35139583333334,20.212245833333334,49.74823541666667,87.77742916666665,20.212245833333334,53.08384965277777,89.35139583333334,26.503312499999993
210400,52.759026325757596,93.16640416666667,26.051633333333328,55.131267708333326,86.72559999999999,26.051633333333328,52.23186157407408,93.16640416666667,26.982345833333337
210500,55.465167329545466,94.29909166666665,22.839695833333334,55.16356458333334,90.83740833333333,22.839695833333334,55.53219016203704,94.29909166666665,28.13498750000001
210600,54.77637946969696,98.24310833333334,17.32375916666667,52.067161041666665,92.16059166666666,17.32375916666667,55.378428009259245,98.24310833333334,27.222670833333336
210700,46.4059356060606,93.5219791666667,25.8264125,47.48421770833333,67.80461250000002,29.853133333333336,46.166317361111105,93.5219791666667,25.8264125
210800,53.79768740530303,91.7489625,21.7983,50.306678125,91.7489625,21.7983,54.57346724537038,87.66810833333331,27.476420833333325
210900,46.12372784090908,88.83126666666668,23.892720833333325,47.113503124999994,59.38790416666666,35.31446666666667,45.903777777777776,88.83126666666668,23.892720833333325
211000,49.712636079545454,87.15115833333333,19.06239166666666,47.37194270833333,87.15115833333333,19.06239166666666,50.23279016203705,82.27587500000001,25.859862499999995
211100,48.38377045454545,97.10221250000001,23.26844166666666,49.18903489583333,75.211375,28.02179583333333,48.20482280092592,97.10221250000001,23.26844166666666
211200,47.85889071969697,82.92083333333333,24.331891666666667,50.36985625,70.72372916666667,24.331891666666667,47.30089837962963,82.92083333333333,24.61274583333333
211300,47.55446392045454,71.8081625,27.56719583333334,47.68482916666667,59.2319875,34.69351666666667,47.52549386574072,71.8081625,27.56719583333334
211400,49.19783333333334,83.79970833333333,25.859133333333336,47.156869791666665,70.49706666666665,30.303325,49.65138078703703,83.79970833333333,25.859133333333336
220100,53.445402935606076,85.60642916666667,28.92640416666667,56.42243385416668,81.39829583333335,31.324629166666668,52.78384050925927,85.60642916666667,28.92640416666667
220200,57.07381354166667,91.04444166666667,36.294891666666665,61.52467500000001,83.85745833333333,40.65807083333334,56.08473321759261,91.04444166666667,36.294891666666665
220300,49.51928248106061,86.123475,26.462283333333332,53.20127343750001,75.10264583333336,28.046641666666662,48.70106226851852,86.123475,26.462283333333332
220400,52.1211809659091,90.50949166666668,29.45006666666667,55.912905208333335,81.54212499999998,31.141620833333334,51.278575578703695,90.50949166666668,29.45006666666667
220500,57.36860520833334,88.07787083333334,33.74909166666667,61.473419791666664,85.30694583333333,38.129437499999995,56.45642418981481,88.07787083333334,33.74909166666667
220600,64.9950078598485,87.54328333333332,45.315925000000014,70.7952625,87.54328333333332,50.187758333333335,63.70606238425926,87.22426666666668,45.315925000000014
220700,51.82668314393939,80.2201875,32.91679166666667,55.18632916666667,79.29509999999999,34.550066666666666,51.0800951388889,80.2201875,32.91679166666667
220800,49.89964507575758,74.77135833333332,30.72619166666667,55.913215625,74.77135833333332,33.88851666666667,48.563296064814814,67.32471666666665,30.72619166666667
222400,56.011520265151496,82.54174583333332,33.22452916666666,57.94959270833333,80.87544583333333,33.22452916666666,55.5808375,82.54174583333332,37.22550833333333
230100,58.57385132575758,84.75432500000001,39.16209583333333,61.94569791666666,84.75432500000001,39.41777916666667,57.82455208333335,81.41236666666666,39.16209583333333
230200,58.229504734848476,82.41141666666665,38.15729999999999,65.83494791666666,82.41141666666665,40.38265833333333,56.53940624999999,76.73541666666667,38.15729999999999
230300,59.90648020833334,79.96522916666667,37.127799999999986,61.249398437500005,79.96522916666667,37.127799999999986,59.608053935185175,77.18684583333332,42.692995833333335
230400,62.41083522727271,84.05093749999999,42.479741666666676,68.3364796875,84.05093749999999,42.479741666666676,61.094025347222214,81.5578,44.53202500000001
230500,62.02300426136366,84.8937125,43.47460000000001,65.93596614583333,84.8937125,43.47460000000001,61.153457175925936,78.03276666666667,44.75164166666667
230600,55.918443181818176,81.93607500000003,37.344433333333335,61.103883333333336,81.93607500000003,39.95186666666666,54.76612314814815,78.2286375,37.344433333333335
230700,67.66236079545455,89.83645833333333,49.3337,74.90468802083333,89.83645833333333,49.70092083333333,66.05295474537037,84.46977499999998,49.3337
230800,63.39734356060606,87.47737083333334,47.48567916666667,69.891271875,87.47737083333334,47.63618333333335,61.95424837962961,77.75309583333333,47.48567916666667
230900,59.99527471590909,82.83599166666666,37.98809166666666,61.1795578125,82.83599166666666,37.98809166666666,59.73210069444443,79.12629583333334,43.979808333333324
231000,58.77878096590909,82.49803333333334,38.87845,61.55045677083333,82.49803333333334,38.87845,58.162853009259265,81.9939875,40.102695833333335
231100,66.29078797348483,91.11040416666667,45.47235,76.49162239583333,91.11040416666667,53.1824125,64.02393587962963,87.10773749999998,45.47235
231200,59.98465918560605,83.9868125,40.21579166666667,66.54524791666667,83.9868125,43.44300833333333,58.526750578703705,77.9894125,40.21579166666667
232700,77.68393854166668,95.16147916666665,60.32661249999999,85.78633177083334,95.16147916666665,72.29727083333333,75.88340671296298,91.65468333333332,60.32661249999999
310000,73.26211628787877,98.09985833333333,40.30962916666667,79.17942239583333,96.74034583333332,59.966904166666666,71.94715937499998,98.09985833333333,40.30962916666667
320100,69.45667954545452,97.87490416666667,33.21867499999999,76.84227604166666,97.87490416666667,51.2785625,67.81543587962963,95.90446666666666,33.21867499999999
320200,71.19785558712124,96.95544166666667,35.97609166666667,78.233009375,96.95544166666667,59.275733333333335,69.6344880787037,95.42764166666666,35.97609166666667
320300,63.674368655303034,93.20949583333335,27.193416666666664,64.95410260416666,84.83270416666666,44.727583333333335,63.38998333333333,93.20949583333335,27.193416666666664
320400,70.87845056818182,97.41237083333333,34.58592916666668,77.95811302083332,97.41237083333333,56.6404375,69.30519224537036,95.07560416666666,34.58592916666668
320500,71.78208892045456,96.42185,38.109745833333335,79.17166718749999,96.42185,61.89702083333333,70.13996041666668,95.50889166666666,38.109745833333335
320600,70.98417433712122,97.13775416666665,38.755545833333336,76.8033734375,95.13237500000002,62.49066666666667,69.6910189814815,97.13775416666665,38.755545833333336
320700,65.94934157196968,93.0573875,30.550295833333333,68.28944114583334,87.33465833333332,50.92318749999999,65.42931944444446,93.0573875,30.550295833333333
320800,67.23242253787879,93.84401249999998,29.782458333333338,73.81465677083332,93.84401249999998,51.152454166666665,65.76970381944446,93.6161125,29.782458333333338
320900,68.87389772727273,95.06317083333334,34.667775,74.3266546875,91.1480125,61.3263125,67.66217395833336,95.06317083333334,34.667775
321000,68.30797528409092,94.8783125,34.36337916666667,74.57513854166666,94.8783125,51.82230416666667,66.91527233796297,93.58549583333333,34.36337916666667
321100,69.80803484848484,97.22160833333332,34.1742875,76.76174843749999,97.22160833333332,54.21805416666666,68.26276516203704,94.368475,34.1742875
321200,68.62604753787878,95.03111666666666,34.74908333333334,74.88553125,94.10587083333333,55.60249583333333,67.23505115740741,95.03111666666666,34.74908333333334
321300,66.0081965909091,91.6081375,28.800562499999998,70.698734375,91.32738333333332,51.32827916666667,64.96585486111111,91.6081375,28.800562499999998
330100,76.26942263257575,97.03385416666667,43.900837499999994,83.51223229166666,97.03385416666667,64.38405416666667,74.65990937500004,96.69880833333332,43.900837499999994
330200,75.5470315340909,97.75715000000001,43.35792916666667,81.08417343750001,97.75715000000001,64.26415,74.31655555555555,94.29540833333334,43.35792916666667
330300,76.797818655303,96.10955416666665,43.587020833333334,80.90626093750001,93.33010416666667,71.9554625,75.88483148148148,96.10955416666665,43.587020833333334
330400,72.92438958333332,96.48665,39.1449125,79.99692083333333,95.59062083333333,59.536854166666664,71.35271597222221,96.48665,39.1449125
330500,74.35955738636363,97.25952083333334,39.2700875,81.85132239583334,97.25952083333334,60.18801666666666,72.69472071759262,95.32225000000001,39.2700875
330600,74.68847840909092,98.34385000000002,40.317325,82.373228125,98.34385000000002,63.43582083333334,72.98075625000001,97.0775125,40.317325
330700,74.84587064393939,96.22325833333332,41.23567083333334,82.69110989583334,96.22325833333332,66.98750416666667,73.10248414351852,95.77767083333333,41.23567083333334
330800,76.70159299242427,97.24386666666665,46.90625416666668,84.10695677083334,95.41058333333335,67.53802083333333,75.05595659722222,97.24386666666665,46.90625416666668
330900,76.02360189393939,99.6420916666667,42.2921125,79.37954166666665,92.77244166666667,65.86433749999999,75.27783749999999,99.6420916666667,42.2921125
331000,75.09134706439393,95.64302916666666,40.8931375,80.6552375,95.64302916666666,67.86768333333335,73.85492696759259,94.74640833333332,40.8931375
331100,77.1822441287879,98.27780000000001,45.12733333333333,83.53574583333335,98.27780000000001,69.067775,75.77035486111112,97.1041125,45.12733333333333
340100,68.58616524621213,99.47829166666666,34.82912083333333,75.86499114583334,96.46297500000001,49.8827875,66.96864837962963,99.47829166666666,34.82912083333333
340200,70.4548737689394,99.60565416666667,35.18397083333334,78.71659062500001,98.13124166666667,50.87035416666668,68.6189366898148,99.60565416666667,35.18397083333334
340300,65.57835823863637,93.258775,27.561508333333336,70.22175989583334,91.19816666666668,48.69556666666667,64.54649120370371,93.258775,27.561508333333336
340400,66.76288257575757,97.63526250000001,32.32920416666666,72.82715677083334,92.41417083333334,50.26940416666667,65.41526608796295,97.63526250000001,32.32920416666666
340500,69.60593948863638,98.97018333333334,33.67142083333332,77.02718177083335,97.53739166666668,49.95581666666667,67.95677453703705,98.97018333333334,33.67142083333332
340600,63.650587215909084,94.93998333333336,27.67154583333333,65.98849739583333,84.38774583333333,46.10329166666667,63.13105162037037,94.93998333333336,27.67154583333333
340700,71.23421827651515,98.33947916666666,35.41182083333334,80.82796197916667,97.83125416666668,55.313658333333336,69.10227523148147,98.33947916666666,35.41182083333334
340800,74.25265606060606,96.39274166666665,41.780375,82.70281614583334,94.86491666666666,64.01390000000002,72.37484270833333,96.39274166666665,41.780375
341000,77.43301666666667,98.41421666666666,48.5072375,85.19968697916667,98.41421666666666,67.292975,75.70708993055554,98.21364166666667,48.5072375
341100,67.94763664772726,98.15053750000003,32.98977083333333,74.76624270833334,96.33285833333333,48.83509583333333,66.43239085648146,98.15053750000003,32.98977083333333
341200,65.11864772727274,94.39709166666667,31.291974999999997,68.10303958333333,86.18012916666665,42.26491666666667,64.45544953703705,94.39709166666667,31.291974999999997
341300,63.459960227272745,93.55022083333334,26.829737500000004,65.8643953125,85.60625,48.11232083333334,62.92564131944443,93.55022083333334,26.829737500000004
341500,69.46944962121209,98.05075416666666,36.65256250000001,78.11818645833333,96.30746249999999,53.645075,67.54750810185185,98.05075416666666,36.65256250000001
341600,64.27816363636362,94.59154166666667,29.635620833333338,66.36689947916668,83.359,44.1578125,63.814000115740754,94.59154166666667,29.635620833333338
341700,73.44075331439393,97.99975833333333,36.889020833333326,83.83092239583334,97.99975833333333,61.15609166666667,71.13182685185186,97.868375,36.889020833333326
341800,74.14290937500002,98.48984166666668,40.38567083333333,82.70827552083333,98.48984166666668,58.55350416666666,72.23949467592594,98.15944999999999,40.38567083333333
350100,76.93143200757575,97.14079166666666,50.969775,79.48102864583333,87.80929583333334,73.10076666666667,76.36485497685186,97.14079166666666,50.969775
350200,76.40251420454545,98.72900416666666,47.474625,81.98205,92.07009583333335,70.26805416666667,75.16261736111112,98.72900416666666,47.474625
350300,76.044478125,97.73788333333334,47.164741666666664,79.48098229166666,89.42426666666667,69.70406249999999,75.28081053240741,97.73788333333334,47.164741666666664
350400,76.91332310606062,98.61878333333333,53.30009583333333,80.2540625,96.11371250000002,62.45083333333334,76.17093657407408,98.61878333333333,53.30009583333333
350500,74.43948333333334,98.13959999999999,47.936725,77.98403802083334,87.55669583333336,68.73443333333334,73.65180451388889,98.13959999999999,47.936725
350600,75.82356003787879,98.24005416666667,45.94415833333333,81.14893958333333,87.96974999999999,72.76233333333336,74.64014236111112,98.24005416666667,45.94415833333333
350700,77.4327489583333,97.87864583333334,52.01929583333334,82.53591875,97.14389166666665,65.53378333333332,76.29871122685182,97.87864583333334,52.01929583333334
350800,76.80993607954544,97.79468333333334,52.71526666666667,78.68625885416665,93.61019166666667,63.090524999999985,76.39297546296297,97.79468333333334,52.71526666666667
350900,77.34438409090907,97.0633375,46.21970833333333,81.5645640625,91.41147916666667,75.41925833333333,76.40656631944442,97.0633375,46.21970833333333
360100,72.86420871212123,97.49921666666665,39.16153333333333,83.96907239583334,97.49921666666665,63.72778333333333,70.39646122685186,95.331775,39.16153333333333
360200,72.04328939393938,95.54605416666669,36.94002083333333,81.64447083333334,95.02256666666666,62.51263750000001,69.90969351851851,95.54605416666669,36.94002083333333
360300,76.49515852272728,97.67786666666665,42.274429166666664,86.94226093750001,97.67786666666665,69.9399875,74.17358020833336,95.45077499999998,42.274429166666664
360400,76.12605918560604,96.6266375,44.91928333333333,85.513490625,96.6266375,66.00514999999999,74.0399633101852,95.38707083333334,44.91928333333333
360500,75.23590047348483,95.74693333333333,40.86015416666667,84.87115989583334,95.74693333333333,69.4551,73.09473171296297,95.26535,40.86015416666667
360600,73.11014081439393,97.23088333333334,37.32085416666668,83.42134947916666,97.23088333333334,60.10560416666666,70.8187611111111,94.85705,37.32085416666668
360700,77.44262575757577,97.4303375,51.76815416666667,80.83614322916667,97.4303375,67.468,76.68851076388889,96.65507500000001,51.76815416666667
360800,76.08194564393939,97.10340833333333,43.66618333333333,84.17047968749999,97.10340833333333,69.42734583333333,74.28449363425926,95.1219625,43.66618333333333
360900,75.69708390151514,96.17371666666668,44.28617083333333,85.93065260416665,96.17371666666668,68.93320833333333,73.42295752314813,95.6663375,44.28617083333333
361000,77.01885274621212,98.98313333333336,46.740024999999996,84.64118385416668,98.98313333333336,64.15822083333335,75.3250013888889,94.30796249999999,46.740024999999996
361100,74.09891789772728,94.19109166666664,42.56079583333333,82.8929421875,93.91607499999999,63.59777083333332,72.14469027777778,94.19109166666664,42.56079583333333
370100,59.83354867424243,94.20439166666667,26.181008333333335,58.94529791666667,78.89889583333333,42.862500000000004,60.03093773148149,94.20439166666667,26.181008333333335
370200,66.66324895833333,93.74334583333335,37.471266666666665,60.883840104166666,78.283525,42.46275833333333,67.94756203703702,93.74334583333335,37.471266666666665
370300,61.4950584280303,95.07278333333335,28.33252916666667,60.35306875,79.76091249999999,47.031029166666656,61.74883391203706,95.07278333333335,28.33252916666667
370400,63.143348674242425,93.81530416666665,27.1138375,62.56293802083333,80.80185,39.59447083333333,63.272328819444446,93.81530416666665,27.1138375
370500,59.39910748106061,95.06010416666665,24.126874999999995,55.149555729166664,75.04179166666665,34.3659375,60.343452314814826,95.06010416666665,24.126874999999995
370600,67.90983049242423,90.8249125,36.78443749999999,64.084821875,78.68011249999998,47.01972916666667,68.7598324074074,90.8249125,36.78443749999999
370700,63.824488446969674,94.77562083333333,31.401249999999994,60.8132109375,81.25421666666666,41.69249583333334,64.49366122685184,94.77562083333333,31.401249999999994
370800,60.75408001893943,93.9384625,24.548845833333335,60.802977604166664,75.08525833333334,41.70594999999999,60.743213888888896,93.9384625,24.548845833333335
370900,62.0053153409091,92.91312916666665,28.252879166666663,61.64477083333333,77.4679875,43.233883333333324,62.085436342592594,92.91312916666665,28.252879166666663
371000,69.54570842803031,95.36686249999998,40.92031666666667,62.21764114583334,78.17992500000001,46.70477499999999,71.17416782407408,95.36686249999998,40.92031666666667
371100,66.8723715909091,94.43092916666667,33.60195833333332,66.59359947916667,84.30036666666666,50.13060000000001,66.93432094907409,94.43092916666667,33.60195833333332
371300,65.98963475378788,94.01519583333334,33.70411249999999,66.39092916666667,85.63929583333335,46.50258333333334,65.90045821759259,94.01519583333334,33.70411249999999
371400,56.572444602272746,92.74057499999998,21.933429166666667,55.258689583333336,77.21182500000002,36.838166666666666,56.86439016203704,92.74057499999998,21.933429166666667
371500,57.72790520833332,91.15044166666667,23.944854166666662,57.82800833333333,81.09026666666666,35.73950416666667,57.70566006944442,91.15044166666667,23.944854166666662
371600,56.84925369318182,93.9610125,21.754154166666666,53.16395416666666,73.6423875,33.3329875,57.66820914351851,93.9610125,21.754154166666666
371700,60.684317045454556,90.5435,23.47814583333333,61.68808281250001,75.120075,39.205529166666665,60.46125798611112,90.5435,23.47814583333333
410100,61.18405198863636,93.34567916666667,23.674295833333332,61.52984322916666,78.85927083333333,37.55240416666667,61.10720949074074,93.34567916666667,23.674295833333332
410200,62.01474393939395,87.72157916666664,23.8263875,61.841302604166664,78.40699166666666,35.831183333333335,62.053286458333346,87.72157916666664,23.8263875
410300,63.21000729166667,95.49931250000002,25.472504166666663,69.45849895833334,89.43667916666668,45.01049166666666,61.82145358796296,95.49931250000002,25.472504166666663
410400,63.83054829545456,92.07408333333332,22.70179166666667,68.58295677083333,91.953875,39.425670833333335,62.77445752314814,92.07408333333332,22.70179166666667
410500,58.03091382575757,85.17016666666666,24.613999999999994,56.73047187499999,79.41813749999997,32.69209166666668,58.31990092592592,85.17016666666666,24.613999999999994
410600,59.90522821969698,87.54967916666669,24.737670833333336,58.95615677083333,76.67887916666668,40.342416666666665,60.116132986111126,87.54967916666669,24.737670833333336
410700,59.4425190340909,88.04711666666667,25.805845833333336,58.39995572916668,77.45488333333333,37.406212499999995,59.67419976851852,88.04711666666667,25.805845833333336
410800,58.084427083333345,94.28674166666667,20.33894583333333,59.09458229166666,72.27182083333332,37.82342916666666,57.859948148148156,94.28674166666667,20.33894583333333
410900,58.663925284090915,88.45246666666664,23.14547916666667,58.52715,79.78866666666666,33.586325,58.69431979166666,88.45246666666664,23.14547916666667
411000,63.710477840909086,91.63954166666663,22.774945833333334,64.87373385416667,82.62199166666664,35.63908333333333,63.45197650462962,91.63954166666663,22.774945833333334
411100,62.809574242424226,90.55196666666666,20.8966375,64.64310260416667,87.03795833333334,32.87997083333334,62.402123495370375,90.55196666666666,20.8966375
411200,63.80663181818181,94.8613375,28.4494,70.71333593749999,88.28225416666665,48.98596666666668,62.27180868055556,94.8613375,28.4494
411300,65.74569289772727,90.69293749999999,25.019904166666663,71.74219739583332,90.69293749999999,49.8771375,64.4131363425926,90.662175,25.019904166666663
411400,62.73152575757577,90.96277083333335,25.42098333333334,64.17583020833334,77.77549583333335,40.368658333333336,62.41056921296297,90.96277083333335,25.42098333333334
411500,67.24299488636366,95.17183333333332,29.3125125,73.65128854166666,92.05300416666667,47.81024583333333,65.81892962962962,95.17183333333332,29.3125125
411600,63.86736657196969,90.48095,25.31220416666666,65.375846875,81.64245833333332,37.35737916666666,63.532148726851865,90.48095,25.31220416666666
411700,65.39757594696972,90.09549999999997,24.290054166666668,69.90426770833334,89.3361,42.131520833333326,64.3960888888889,90.09549999999997,24.290054166666668
419001,59.88873570075757,94.19035000000001,24.911083333333327,64.24760364583334,85.54135416666666,41.69346666666666,58.92009837962962,94.19035000000001,24.911083333333327
420100,68.54725710227274,93.8127875,31.39019166666667,77.7920140625,92.45567083333333,56.726466666666674,66.49286666666667,93.8127875,31.39019166666667
420200,72.74433352272727,94.9762875,38.53062083333334,81.33269375,94.9762875,60.479825000000005,70.83580902777778,94.6669375,38.53062083333334
420300,70.40064251893938,94.280825,37.6453125,78.50004999999999,94.13364166666666,57.10837916666666,68.60077418981481,94.280825,37.6453125
420500,76.40792660984849,93.97514583333333,50.35270416666666,81.98691041666666,89.41473749999999,71.46747500000001,75.16815243055558,93.97514583333333,50.35270416666666
420600,69.74598598484846,92.54333749999999,30.365504166666668,76.66929375000001,92.35811666666666,55.233141666666654,68.20747314814815,92.54333749999999,30.365504166666668
420700,70.15019914772726,93.98266666666666,35.13177916666667,78.75256354166666,93.98266666666666,59.097379166666656,68.23856261574076,93.28657916666668,35.13177916666667
420800,69.59776875000001,91.88352083333331,32.0035375,77.64201041666668,91.88352083333331,62.29606666666667,67.81015949074072,90.86317916666667,32.0035375
420900,68.02048996212122,91.71445833333331,29.082766666666668,76.74544062499999,91.71445833333331,56.87199583333334,66.08161203703705,90.50038749999999,29.082766666666668
421000,69.96811382575757,94.24851666666666,35.191266666666664,78.90835364583333,94.24851666666666,58.055812499999995,67.98139386574074,91.84562083333334,35.191266666666664
421100,71.27798787878788,94.70736666666669,37.838770833333335,79.00669375000001,93.67093333333332,59.262675,69.5604976851852,94.70736666666669,37.838770833333335
421200,73.42584772727272,96.2829625,40.04042916666667,84.10622343749999,96.09286666666668,59.93872083333333,71.05243090277776,96.2829625,40.04042916666667
421300,68.31230142045456,90.38172083333335,30.338341666666665,74.9360984375,90.38172083333335,57.68496249999999,66.84034652777778,89.05690416666665,30.338341666666665
422800,80.61166098484847,97.76539583333334,55.35075416666667,85.72498229166666,92.3856875,77.81334166666666,79.47536736111108,97.76539583333334,55.35075416666667
429004,68.87133106060607,94.857975,32.93271666666667,79.69434947916668,94.857975,58.28503333333333,66.46621585648148,92.90080416666666,32.93271666666667
429005,69.07827310606059,94.02610833333331,31.15822083333333,78.77698489583332,94.02610833333331,58.91422916666665,66.92300381944443,91.86995416666667,31.15822083333333
429006,67.8737143939394,92.07037083333334,28.623233333333328,77.74786718749999,92.07037083333334,59.04073333333333,65.67945821759257,89.98153333333333,28.623233333333328
429021,76.58081770833331,97.6186458333333,44.58539166666668,85.71633020833332,94.53375416666667,66.57119166666666,74.55070381944444,97.6186458333333,44.58539166666668
430100,75.39973740530303,98.2883625,40.221162500000005,86.83753385416667,98.2883625,65.10565000000001,72.8580048611111,95.74083333333334,40.221162500000005
430200,77.21958162878786,98.36072916666667,44.27675833333333,87.56557447916666,98.36072916666667,71.79315833333332,74.92047210648148,95.68993333333333,44.27675833333333
430300,76.2737388257576,98.93460416666669,41.022466666666666,86.7430078125,98.93460416666669,63.7807,73.94723460648147,94.62299999999999,41.022466666666666
430400,77.40650928030303,98.72955000000002,43.55050000000001,87.47605729166668,98.72955000000002,67.67305,75.16883194444445,94.19432499999999,43.55050000000001
430500,81.37332225378788,97.11198333333333,49.025,89.20344427083334,97.05994583333336,72.04504583333333,79.63329513888887,97.11198333333333,49.025
430600,73.37629763257576,98.1951625,37.16092916666667,84.48837291666668,98.1951625,59.486237499999994,70.90694756944444,96.14626666666665,37.16092916666667
430700,74.60001354166667,93.06409583333334,45.299233333333326,80.34317239583334,91.49794166666665,61.49008333333334,73.32375601851854,93.06409583333334,45.299233333333326
430800,80.15464545454546,96.5487875,57.80422083333334,83.57166875000001,91.64588333333332,69.42182916666665,79.39530694444444,96.5487875,57.80422083333334
430900,76.24644990530304,98.26150416666667,44.23877916666666,84.93380468750001,98.26150416666667,62.658254166666666,74.31592662037036,95.81227916666666,44.23877916666666
431000,80.55085861742423,98.35821250000002,50.73947083333332,87.94620937500001,98.35821250000002,79.72452083333333,78.90744733796295,97.20546666666667,50.73947083333332
431100,79.49711808712118,95.72947500000002,47.61907083333333,87.28541041666666,95.72947500000002,72.67026249999999,77.76638645833333,95.168475,47.61907083333333
431200,80.42333929924243,94.99786666666667,53.054533333333346,86.86480468750001,94.99786666666667,68.2135875,78.99190254629632,94.02730000000001,53.054533333333346
431300,79.17867007575757,95.53563749999999,50.4424,86.38207239583332,95.53563749999999,67.16579166666666,77.57791400462965,93.84564999999999,50.4424
433100,81.28356429924243,97.31965000000001,54.2286375,84.27995572916667,93.64227083333334,69.13521666666666,80.61769953703703,97.31965000000001,54.2286375
440100,70.8035341856061,95.57765833333332,38.66929166666666,75.13741927083333,85.20041249999998,65.48329583333334,69.84044861111113,95.57765833333332,38.66929166666666
440200,78.02813295454546,96.66867916666668,51.43982083333333,82.3642265625,94.83153750000002,74.72984583333333,77.06455659722224,96.66867916666668,51.43982083333333
440300,71.90245909090908,96.8769625,36.2449,76.76925729166668,84.33268750000002,66.60133333333333,70.82094837962963,96.8769625,36.2449
440400,76.4195872159091,96.97366249999999,39.103433333333335,81.48171614583333,88.51156249999998,68.13000000000001,75.29466967592595,96.97366249999999,39.103433333333335
440500,71.85365236742423,96.30055833333334,36.943112500000005,77.30482604166667,86.17544583333334,62.584145833333345,70.6422804398148,96.30055833333334,36.943112500000005
440600,70.81030359848485,93.96469166666668,37.601099999999995,76.28569322916667,84.80902499999999,66.16175416666668,69.59355034722222,93.96469166666668,37.601099999999995
440700,74.85195596590911,95.00993333333334,40.30904166666667,79.52158697916667,87.14520833333334,67.95743333333333,73.81426018518522,95.00993333333334,40.30904166666667
440800,78.68322234848485,92.20997916666666,45.722379166666656,85.32419791666666,90.65873333333332,81.20827083333334,77.20745000000002,92.20997916666666,45.722379166666656
440900,77.13515681818181,93.89062083333336,48.30994583333333,83.9462703125,91.83067083333334,77.810675,75.62157604166664,93.89062083333336,48.30994583333333
441200,75.2671552083333,97.69556666666666,45.393233333333335,81.04991666666665,90.51189999999998,74.99510416666666,73.98209710648149,97.69556666666666,45.393233333333335
441300,71.81409602272726,96.38329583333332,42.745245833333335,74.47132552083335,83.84298333333334,65.3989,71.22360057870368,96.38329583333332,42.745245833333335
441400,73.24702414772727,98.08187916666667,49.73429999999999,74.88818697916668,87.13482499999999,62.80160833333333,72.8823212962963,98.08187916666667,49.73429999999999
441500,73.89712424242425,97.87787916666667,43.0497375,78.23984635416667,86.29224166666667,68.33118333333333,72.93207488425926,97.87787916666667,43.0497375
441600,74.42434678030301,97.88827500000001,48.79202916666667,75.64214322916666,89.61560833333333,64.57563749999998,74.1537253472222,97.88827500000001,48.79202916666667
441700,78.22958939393938,95.98050416666666,46.35570416666667,83.37120364583333,91.90327500000001,72.55050833333334,77.08700844907408,95.98050416666666,46.35570416666667
441800,76.72434981060609,97.81084166666669,47.85222916666666,82.43788177083334,91.08896666666668,75.05542916666667,75.45467604166666,97.81084166666669,47.85222916666666
441900,69.6449821969697,94.28102916666666,34.72016666666667,73.97822916666667,81.61479583333333,62.4063875,68.68203842592595,94.28102916666666,34.72016666666667
442000,72.5839581439394,96.11562916666668,35.238904166666664,78.0084078125,84.76643333333334,65.00866249999999,71.37852488425925,96.11562916666668,35.238904166666664
445100,74.52752793560607,97.24097916666669,48.04712083333333,77.8909859375,84.84052083333334,67.68612916666667,73.78009282407407,97.24097916666669,48.04712083333333
445200,73.89805625,98.08851666666665,45.4683,77.11197708333333,86.886725,67.51380416666665,73.18385162037038,98.08851666666665,45.4683
445300,75.6341952651515,94.00364583333334,47.27044583333333,82.17674635416667,93.29657916666667,77.66052083333334,74.18029502314813,94.00364583333334,47.27044583333333
450100,78.1865090909091,95.13381249999998,42.02440416666666,87.11784791666668,91.578425,74.39688333333332,76.20176712962964,95.13381249999998,42.02440416666666
450200,79.04423787878785,95.90905833333335,44.36722916666667,87.10844791666666,92.984,69.35867083333333,77.25219120370372,95.90905833333335,44.36722916666667
450300,79.88712348484849,94.89873333333333,45.68803333333333,88.11848593750001,93.80325833333335,73.05412916666666,78.05793182870369,94.89873333333333,45.68803333333333
450400,76.01923797348485,95.02915833333334,44.07455833333333,83.1713484375,90.45747916666666,78.534125,74.4298800925926,95.02915833333334,44.07455833333333
450500,77.07764365530305,95.52413333333334,40.805187499999995,86.0372078125,92.24751250000001,82.54825833333332,75.08662939814816,95.52413333333334,40.805187499999995
450600,81.62753238636365,97.06576666666665,46.33311666666666,89.097803125,92.70230833333333,81.36577499999999,79.96747222222223,97.06576666666665,46.33311666666666
450700,77.13716695075759,94.22128333333335,40.603320833333335,86.9702234375,90.15761666666667,82.5948125,74.95204328703706,94.22128333333335,40.603320833333335
450800,76.66146268939396,94.51067083333334,41.393049999999995,85.69353229166667,92.54975,81.13474583333334,74.6543361111111,94.51067083333334,41.393049999999995
450900,77.4401068181818,96.06172916666667,45.41079166666666,86.11412656249999,93.36860833333333,80.61235416666666,75.51254687499998,96.06172916666667,45.41079166666666
451000,79.26575378787878,95.04503750000002,54.674066666666654,84.56498437499998,93.87589166666667,76.88730416666665,78.08814699074075,95.04503750000002,54.674066666666654
451100,78.02710596590907,96.90430000000002,45.52202916666667,84.42547708333333,91.48252500000001,75.2339125,76.6052457175926,96.90430000000002,45.52202916666667
451200,80.12392935606061,95.77224583333333,48.147145833333326,87.49777968749999,95.77224583333333,72.29482083333333,78.48529594907407,94.6083,48.147145833333326
451300,76.92249914772728,93.92857500000001,40.91064999999999,85.97187552083334,92.95251666666667,75.17618333333333,74.91152662037035,93.92857500000001,40.91064999999999
451400,80.04458645833333,96.09950833333333,47.48457916666666,87.37923281249999,91.80573333333335,75.89675416666668,78.4146650462963,96.09950833333333,47.48457916666666
460100,81.95832234848484,93.03018333333334,55.9816875,82.19635937500001,86.9309,74.7216125,81.90542523148147,93.03018333333334,55.9816875
460200,77.77966155303032,90.37720416666667,63.5086,78.19518385416667,82.7115125,72.990025,77.6873232638889,90.37720416666667,63.5086
460400,77.09252840909092,87.5943375,59.0370625,77.0179203125,82.90017083333333,69.797025,77.10910798611111,87.5943375,59.0370625
469001,80.42544914772728,96.12675000000002,69.15020833333331,78.87499947916666,86.13754166666666,74.32262500000002,80.76999351851852,96.12675000000002,69.15020833333331
469002,81.03931534090908,89.72062083333331,60.95686666666666,79.98484739583334,83.77716250000002,75.28037916666669,81.27364155092592,89.72062083333331,60.95686666666666
469005,82.09124782196969,93.80542916666667,54.02586666666668,82.56088177083332,87.65952083333332,74.0037625,81.98688472222221,93.80542916666667,54.02586666666668
469006,83.69453731060607,92.74061250000001,67.41987499999999,82.58470989583334,86.49354583333336,78.24521666666666,83.94116562500001,92.74061250000001,67.41987499999999
469007,75.79493380681818,86.32639999999999,58.96885416666666,80.46727760416667,86.32639999999999,76.92274583333334,74.75663518518517,85.95155416666667,58.96885416666666
469021,79.98674801136364,88.43038333333332,55.84141666666665,78.50639739583333,82.60544999999999,73.72485833333333,80.3157148148148,88.43038333333332,55.84141666666665
469022,78.41550445075757,91.14275000000002,62.09812083333333,76.95327760416664,78.8869375,74.88651666666667,78.74044375000001,91.14275000000002,62.09812083333333
469023,79.49940293560606,88.51497083333334,58.23340833333334,78.613440625,83.97909583333332,74.50182916666667,79.69628344907409,88.51497083333334,58.23340833333334
469024,80.50900255681817,89.73499583333334,58.75916666666666,80.50323281249999,87.44329166666667,73.72065416666666,80.51028472222224,89.73499583333334,58.75916666666666
469025,77.1879479166667,92.03760416666665,63.10605,77.74008802083334,81.86659583333334,73.64652083333333,77.06525011574075,92.03760416666665,63.10605
469026,76.3635209280303,86.4529,60.91912916666667,81.6085390625,85.00272916666667,77.323975,75.19796134259259,86.4529,60.91912916666667
469027,77.88358797348484,89.49210416666665,65.13575416666666,78.54005885416667,86.47557916666669,74.00577916666666,77.73770555555555,89.49210416666665,65.13575416666666
469028,83.57973248106062,93.39085,69.07754583333333,82.91432552083333,85.88252916666666,79.44266666666668,83.72760069444445,93.39085,69.07754583333333
469029,81.08773428030302,94.16745416666669,66.34348333333334,80.2834109375,84.71388333333333,76.4681125,81.26647280092592,94.16745416666669,66.34348333333334
469030,82.98963910984847,95.03826249999999,70.49481666666665,81.72107708333334,84.3482125,79.64702916666666,83.2715417824074,95.03826249999999,70.49481666666665
500000,77.88659299242421,90.82082916666666,53.445212500000004,80.27667135416667,86.828275,71.96733333333333,77.35546446759258,90.82082916666666,53.445212500000004
510100,76.73409621212122,90.12582916666669,56.81904166666666,77.97727552083333,84.8218,62.49505,76.45783414351851,90.12582916666669,56.81904166666666
510300,75.40032859848486,89.68840833333333,40.425979166666664,76.26530833333334,87.70709583333333,67.31902916666665,75.20811087962961,89.68840833333333,40.425979166666664
510400,54.84596089015151,87.93094583333333,30.567850000000007,47.56146041666666,83.04717083333331,33.532529166666656,56.46473877314814,87.93094583333333,30.567850000000007
510500,80.70880085227272,92.26746250000002,58.654045833333335,84.19764375,92.26746250000002,75.78995833333333,79.93350243055558,90.67882083333332,58.654045833333335
510600,73.25641335227273,87.89385,43.96559166666666,73.5952609375,79.79647083333334,61.295845833333324,73.18111388888889,87.89385,43.96559166666666
510700,75.00954914772727,88.17910833333332,48.6916125,77.07333593750002,82.00765,70.85507083333333,74.5509298611111,88.17910833333332,48.6916125
510800,70.75139829545455,90.28275000000001,30.035899999999998,72.99404999999999,81.73872083333335,56.8697125,70.25303124999999,90.28275000000001,30.035899999999998
510900,70.33292159090911,85.94617916666668,29.101295833333335,69.42057291666669,77.16998750000002,58.6520625,70.53566574074075,85.94617916666668,29.101295833333335
511000,73.90141382575759,89.05285416666665,39.67001666666667,74.57768229166666,83.61082083333334,63.384354166666675,73.75113194444444,89.05285416666665,39.67001666666667
511100,82.05375729166668,93.42905833333332,53.993675,83.32364687500001,90.66640416666668,75.34782500000001,81.77155960648146,93.42905833333332,53.993675
511300,71.49319308712121,86.23997083333335,40.649916666666655,70.92038072916667,78.60523333333332,63.97593333333333,71.62048472222222,86.23997083333335,40.649916666666655
511400,74.1254856060606,88.82812083333333,46.399687500000006,74.36589270833333,84.02385000000001,58.99147916666666,74.07206180555556,88.82812083333333,46.399687500000006
511500,77.94993323863639,90.12162916666666,54.198395833333336,80.52597552083334,89.81065000000001,74.57536666666665,77.37747939814815,90.12162916666666,54.198395833333336
511600,76.74941600378789,89.37901666666666,52.20477083333333,78.12026302083333,88.46453333333335,67.95470833333336,76.44478333333333,89.37901666666666,52.20477083333333
511700,75.99647452651513,91.99742916666668,50.94082500000001,78.07101510416666,87.16460833333332,67.86270416666666,75.53546550925925,91.99742916666668,50.94082500000001
511800,79.86819564393939,93.93443749999999,53.895383333333335,84.53936979166666,93.93443749999999,74.31985833333334,78.83015694444444,92.22160833333335,53.895383333333335
511900,72.01741846590912,88.01095833333333,40.603970833333335,72.29025000000001,79.39833750000001,61.6174875,71.95678923611113,88.01095833333333,40.603970833333335
512000,72.11038068181819,87.7125416666667,36.32672083333333,72.01281145833335,77.94704166666666,58.68407083333333,72.13206273148147,87.7125416666667,36.32672083333333
513200,68.79603068181821,86.76856250000002,44.99556666666667,72.42805833333334,82.86119583333333,58.4848375,67.98891342592597,86.76856250000002,44.99556666666667
513300,76.85325956439391,88.58349166666666,61.70327083333333,81.69819114583333,88.58349166666666,74.9284625,75.77660810185185,86.69454583333334,61.70327083333333
513400,67.14030075757576,89.69819166666666,51.73857916666666,65.36519270833334,78.45254583333333,56.49701666666666,67.53476921296296,89.69819166666666,51.73857916666666
520100,83.56044479166667,97.39241249999999,59.36500833333332,91.30353645833333,97.39241249999999,78.27204583333334,81.83975775462963,94.80232916666664,59.36500833333332
520200,78.06807803030303,94.19169999999998,47.825395833333346,73.06462916666668,93.36798333333336,47.825395833333346,79.17995555555558,94.19169999999998,56.522175
520300,83.8315331439394,94.69832083333336,60.03764583333333,87.11301197916666,91.45212083333332,74.38334583333335,83.10231562500002,94.69832083333336,60.03764583333333
520400,81.55262206439396,95.07514166666668,62.36552083333333,86.52442239583334,92.92149583333331,77.460525,80.44777754629632,95.07514166666668,62.36552083333333
520500,81.58783674242427,93.24566666666668,68.2761875,83.27356250000001,93.24566666666668,70.47257499999999,81.21323101851853,91.33160416666668,68.2761875
520600,84.10456789772728,97.90865416666666,53.240662500000006,88.26470989583333,96.34188333333331,73.51211666666666,83.18009189814816,97.90865416666666,53.240662500000006
522300,77.40744867424242,93.12961666666668,60.47277500000001,78.26397604166667,91.31660416666665,61.28638333333333,77.21710925925926,93.12961666666668,60.47277500000001
522600,83.89165227272727,98.23712916666666,55.666216666666664,90.9199296875,98.23712916666666,74.24969583333333,82.32981284722226,95.91957083333334,55.666216666666664
522700,83.31351022727274,95.92080416666666,57.15635833333334,90.15890885416667,95.92080416666666,77.75826250000001,81.7923105324074,94.53977500000002,57.15635833333334
530100,60.02710047348483,93.00944166666669,33.675629166666674,48.4748953125,78.2669,33.675629166666674,62.594257175925904,93.00944166666669,36.1546375
530300,68.6699893939394,94.61407083333334,39.09556666666666,58.74657447916667,80.19269166666666,39.09556666666666,70.87519270833334,94.61407083333334,49.48049583333333
530400,61.71812945075758,93.7613875,35.940620833333334,50.017955729166665,79.11602916666664,35.940620833333334,64.31816805555556,93.7613875,37.58930833333334
530500,65.51583901515151,91.95846250000001,50.24281250000001,63.37530520833332,77.00592916666665,54.5305375,65.99151319444444,91.95846250000001,50.24281250000001
530600,79.43178589015152,90.50920416666666,64.71203333333334,79.54931770833333,90.50920416666666,71.23405416666667,79.40566770833334,89.1646625,64.71203333333334
530700,54.555651893939405,86.85136666666666,39.19957916666666,56.5878890625,68.78123333333333,46.79444166666667,54.10404363425924,86.85136666666666,39.19957916666666
530800,54.7329475378788,77.25326666666668,36.71202916666666,50.8595875,64.20075,43.929495833333334,55.59369421296296,77.25326666666668,36.71202916666666
530900,55.593274526515124,76.57289999999999,37.20793333333334,57.880390104166665,71.17719166666666,51.290416666666665,55.085026620370364,76.57289999999999,37.20793333333334
532300,52.05158077651516,82.16910416666667,31.191487500000004,46.9931734375,79.46140416666667,34.254225,53.1756712962963,82.16910416666667,31.191487500000004
532500,73.18107888257575,93.27607916666669,48.170845833333324,64.44616666666666,80.45018750000001,48.170845833333324,75.12217048611112,93.27607916666669,49.28596666666666
532600,79.49240113636361,95.73947916666667,65.53992916666667,80.69506562499998,92.35170416666666,69.54850416666666,79.2251423611111,95.73947916666667,65.53992916666667
532800,56.29936515151515,84.44551666666666,37.99935,51.742070312500005,59.081020833333326,43.00454166666666,57.31209733796298,84.44551666666666,37.99935
532900,59.33317878787877,85.884975,43.633204166666665,58.833653125,75.42925416666667,46.05806666666666,59.444184490740746,85.884975,43.633204166666665
533100,66.21533143939394,87.14949166666668,52.33338333333333,64.67874427083333,75.02604166666667,58.0867625,66.55679525462962,87.14949166666668,52.33338333333333
533300,79.78186638257574,96.46799583333335,55.14328749999999,82.15256927083333,92.90274999999998,70.48922499999999,79.25504351851849,96.46799583333335,55.14328749999999
533400,81.00005312500002,93.36263749999999,47.56865,85.57054010416667,89.50634166666667,69.6532125,79.98438935185183,93.36263749999999,47.56865
540100,39.78029767045454,74.15999166666667,16.54359083333333,43.794901562499994,54.92955,32.777375,38.888163472222224,74.15999166666667,16.54359083333333
540200,51.74841979166667,66.9273,33.62502083333334,55.560938020833326,66.9273,39.404866666666656,50.90119351851853,65.46807916666667,33.62502083333334
540300,81.18367604166666,90.23410833333332,61.81832083333331,84.83405052083332,90.154,74.89836249999998,80.37248171296295,90.23410833333332,61.81832083333331
540400,80.10673844696966,90.81004583333333,50.3920125,84.311821875,90.64098333333335,60.68515833333334,79.17227546296294,90.81004583333333,50.3920125
542200,65.60560520833336,81.27357500000001,42.872170833333335,66.48417083333334,76.65249999999999,46.81261666666666,65.4103684027778,81.27357500000001,42.872170833333335
542400,52.206969602272736,68.16882083333333,33.54277916666667,59.49287552083334,68.16882083333333,51.479066666666675,50.58787939814815,66.36252499999999,33.54277916666667
542500,56.06904214015153,73.53688749999999,35.708508333333334,64.6692453125,73.53688749999999,47.401812500000005,54.157885879629625,70.51886666666665,35.708508333333334
610100,63.213742518939405,94.38503750000002,31.248820833333344,69.4879671875,84.94576666666667,46.255412500000006,61.81947037037038,94.38503750000002,31.248820833333344
610200,56.31306581439394,98.05361666666666,27.076245833333335,60.71207864583334,82.05310833333334,35.30332083333334,55.335507407407405,98.05361666666666,27.076245833333335
610300,62.445115151515125,96.13477083333332,29.56812083333334,68.88869947916666,82.67319166666665,40.237683333333344,61.01320752314814,96.13477083333332,29.56812083333334
610400,56.66822954545455,97.62784166666665,28.040595833333338,62.23555572916668,79.92928333333333,37.530754166666675,55.431045949074075,97.62784166666665,28.040595833333338
610500,55.93200530303029,94.76459166666667,26.23240833333334,60.2990609375,74.60571666666668,40.91105,54.96154849537038,94.76459166666667,26.23240833333334
610600,53.61223229166667,96.59173749999998,28.386791666666667,57.35631510416667,71.40581666666667,43.074437499999995,52.7802138888889,96.59173749999998,28.386791666666667
610700,69.7241284090909,93.3832875,30.701424999999997,74.94802760416667,84.58700000000002,56.177941666666676,68.56326192129629,93.3832875,30.701424999999997
610800,51.29330833333335,90.66495000000002,31.430220833333323,55.10509791666668,62.76678333333334,47.71389583333333,50.446243981481494,90.66495000000002,31.430220833333323
610900,70.24407083333331,95.90605000000001,39.88603749999999,77.65459479166667,93.07304583333332,60.49708333333334,68.59728773148146,95.90605000000001,39.88603749999999
611000,65.25291638257575,95.38839999999999,30.354820833333335,71.54521927083331,89.33355833333333,44.05940416666667,63.854626851851854,95.38839999999999,30.354820833333335
620100,43.38646428030303,65.71042083333332,12.971393750000002,60.01534583333334,63.271895833333325,55.465179166666665,39.691157268518516,65.71042083333332,12.971393750000002
620200,33.53492854166668,59.249404166666665,13.687532500000003,47.7965984375,59.249404166666665,39.4885375,30.36566856481481,52.33653333333333,13.687532500000003
620300,36.98371169507575,60.41787500000001,17.88815166666667,50.98650104166667,56.25136249999999,46.810962499999995,33.871980729166665,60.41787500000001,17.88815166666667
620400,44.918285435606045,68.29849166666666,19.96148333333333,58.19194739583333,64.68928333333334,51.197091666666665,41.96858277777777,68.29849166666666,19.96148333333333
620500,63.19253768939393,86.34389583333332,26.97896666666667,71.76558958333332,84.03641666666667,49.623970833333324,61.287415046296296,86.34389583333332,26.97896666666667
620600,39.60560388257576,68.83444583333333,17.2953625,54.81442083333333,59.36803333333333,50.64882083333333,36.22586678240741,68.83444583333333,17.2953625
620700,46.80280435606059,68.75670416666667,27.413008333333334,58.9001453125,68.75670416666667,53.294991666666654,44.11450636574074,65.20988750000002,27.413008333333334
620800,57.22013257575759,88.16199166666667,25.803216666666668,64.32142447916667,78.18897499999999,38.29497916666667,55.642067708333336,88.16199166666667,25.803216666666668
620900,40.611686268939394,66.92309166666666,21.82225,56.56424895833333,66.92309166666666,47.65065416666665,37.06667233796296,54.833620833333335,21.82225
621000,53.2654752840909,90.6072875,26.549212499999992,58.617821875,76.09344166666666,40.523675000000004,52.076064930555546,90.6072875,26.549212499999992
621100,59.08813928030304,84.51415000000001,28.61921666666667,74.2258953125,84.51415000000001,65.93969583333332,55.724193495370365,81.7324125,28.61921666666667
621200,70.72759696969698,89.57690000000001,37.48292083333333,79.408590625,89.57690000000001,64.426575,68.79848726851851,88.56930416666667,37.48292083333333
622900,45.99308820075757,70.58605833333333,18.125440416666667,62.091783333333325,70.58605833333333,51.2495875,42.41560039351852,65.80931666666667,18.125440416666667
623000,51.974640861742415,81.36040833333334,19.45522041666666,64.0701109375,81.36040833333334,33.544037499999995,49.28675862268516,77.389525,19.45522041666666
630100,49.63584289772727,78.22447083333333,21.246987499999996,70.48094479166666,78.22447083333333,53.373170833333326,45.003598032407396,74.32802083333333,21.246987499999996
630200,41.69445328598483,74.58595000000001,10.572977916666666,60.4530109375,74.58595000000001,44.886575,37.525884918981475,65.41086250000001,10.572977916666666
632200,62.63557982954546,86.60135000000001,33.117066666666666,79.67096302083333,86.60135000000001,68.74682083333336,58.84993912037036,80.50087500000001,33.117066666666666
632300,38.52178322916666,74.53557083333332,11.113477916666668,50.037403958333336,74.53557083333332,21.48153333333333,35.96275640046295,73.76602916666666,11.113477916666668
632500,39.9287497159091,62.94307916666666,20.598708333333335,52.13830208333334,62.94307916666666,35.1291875,37.21551585648149,59.85843333333332,20.598708333333335
632600,56.42772130681819,86.42482916666665,32.791425,63.765493750000005,86.42482916666665,51.539770833333336,54.797105208333335,78.5734,32.791425
632700,62.73484564393941,86.01232083333333,42.733925,67.44644479166666,86.01232083333333,57.6603,61.6878236111111,78.15057916666667,42.733925
632800,46.892345359848484,72.73079166666666,25.92390833333334,59.42746406250001,72.73079166666666,51.126391666666656,44.106763425925934,59.721287499999995,25.92390833333334
640100,38.5152878219697,71.3442,18.623876666666668,48.298650520833334,62.424675000000015,41.927941666666655,36.341207222222216,71.3442,18.623876666666668
640200,37.49324892045453,75.58223333333332,13.663744166666667,47.622128125,66.10673333333334,40.254804166666666,35.242386874999994,75.58223333333332,13.663744166666667
640300,43.62838248106061,71.29345,19.43083333333333,53.52750052083333,66.37424166666666,43.97183333333333,41.42857847222222,71.29345,19.43083333333333
640400,55.39725094696973,88.55596666666668,21.6688125,65.863653125,81.03639166666665,43.56764583333334,53.07138379629632,88.55596666666668,21.6688125
640500,43.50518106060607,72.02060833333334,17.254137500000002,56.57609166666667,67.77447916666665,45.398904166666675,40.60053425925926,72.02060833333334,17.254137500000002
650100,61.88238513257575,79.06501250000001,48.93590416666668,62.691067187499996,74.36174166666665,52.73350416666667,61.70267800925925,79.06501250000001,48.93590416666668
650200,77.67399583333334,92.5227125,58.40427500000001,86.09619635416666,92.5227125,80.14882500000002,75.80239571759259,92.3730625,58.40427500000001
650400,52.38195795454544,73.841075,37.9221875,63.969021875,73.841075,56.38508333333334,49.807054861111105,58.71878333333333,37.9221875
652200,48.67268740530303,70.78911666666666,30.9856375,61.63171822916666,70.78911666666666,49.94455,45.79290277777778,57.64480416666666,30.9856375
652300,67.66749242424244,80.52517916666669,56.414079166666674,70.7598796875,77.96663333333333,63.294887499999994,66.98029525462965,80.52517916666669,56.414079166666674
652700,62.43411647727271,79.34179166666665,37.225970833333335,63.2079171875,72.40694166666667,53.04000416666667,62.262160763888886,79.34179166666665,37.225970833333335
652800,48.326215246212115,75.3689,31.265437499999994,64.2452765625,75.3689,56.322812500000005,44.78864606481483,62.064279166666665,31.265437499999994
652900,50.83358361742424,68.58767916666667,36.350162499999996,65.22799947916667,68.58767916666667,60.7925625,47.63482453703702,62.828045833333334,36.350162499999996
653000,62.92988068181818,79.43470833333332,43.15380833333332,67.48458385416666,76.67720833333334,48.709354166666664,61.917724421296285,79.43470833333332,43.15380833333332
653100,52.55996316287879,77.08827916666667,34.86503333333333,66.97542291666666,77.08827916666667,62.714437499999995,49.356527662037045,67.75372916666666,34.86503333333333
653200,45.41918115530304,72.61093749999999,26.68314583333334,58.204603125,72.61093749999999,52.25149166666666,42.57797627314816,58.754941666666674,26.68314583333334
654000,60.50233731060605,83.31001666666667,38.1029,62.000996354166666,71.2921125,48.943083333333334,60.16930196759259,83.31001666666667,38.1029
654200,68.43436467803029,81.38882916666668,52.47199166666666,72.978965625,81.38882916666668,64.78101249999999,67.42445335648148,81.05371666666666,52.47199166666666
654300,67.89670643939394,88.90924583333333,44.57440416666666,79.65838854166667,88.90924583333333,64.2046625,65.28299930555555,87.0876,44.57440416666666
659001,91.61107632575761,103.22327916666667,64.66820833333331,98.61130729166668,102.4012,93.29649583333332,90.05546944444447,103.22327916666667,64.66820833333331
659002,53.76987017045453,73.83087083333332,34.29325833333333,70.07712552083333,73.83087083333332,65.46303333333333,50.14603564814814,69.44361249999999,34.29325833333333
659003,48.044008333333316,71.22840833333332,27.020124999999997,67.14775677083333,71.22840833333332,62.879954166666664,43.79873090277776,64.68683333333333,27.020124999999997
659004,92.61414744318182,101.00438333333334,70.796825,99.36183437499999,100.87804999999997,96.11121250000001,91.11466145833333,101.00438333333334,70.796825
659005,82.88903210227272,99.25715416666668,65.85019166666666,88.31890729166668,96.84589583333333,76.69722916666667,81.6823931712963,99.25715416666668,65.85019166666666
710000,78.23289659090909,88.66640833333332,60.8947,79.26946197916666,87.2952375,72.26958333333333,78.00254872685187,88.66640833333332,60.8947
810000,74.8594991477273,98.54154166666666,37.03322500000001,80.92726614583334,88.15615416666667,70.67535416666668,73.51110648148148,98.54154166666666,37.03322500000001
