id,name,city_baidu_id,420100_moveIn_mean,420100_moveIn_mean_before,420100_moveIn_mean_after,420100_moveIn_max,420100_moveIn_max_before,420100_moveIn_max_after,420100_moveIn_min,420100_moveIn_min_before,420100_moveIn_min_after
110000,北京市,110000,0.8908061039999997,4.2166089,0.05935540499999999,6.893835804,6.893835804,0.277644024,0.017057628000000002,0.544605768,0.017057628000000002
120000,天津市,120000,0.16608213359999996,0.768276468,0.01553355,1.079844696,1.079844696,0.06641967600000001,0.0,0.103734432,0.0
130100,石家庄市,130100,0.22632155279999988,1.095441948,0.009041454,1.6576449120000003,1.6576449120000003,0.039663432,0.0,0.103734432,0.0
130200,唐山市,130200,0.0013962024,0.0,0.0017452529999999998,0.009590724,0.0,0.009590724,0.0,0.0,0.0
130300,秦皇岛市,130300,0.00030253679999999995,0.0,0.00037817099999999995,0.008566236,0.0,0.008566236,0.0,0.0,0.0
130400,邯郸市,130400,0.21328102800000004,1.037995524,0.0071024040000000005,1.503144216,1.503144216,0.025814376,0.0,0.0,0.0
130500,邢台市,130500,0.18051381359999996,0.897321708,0.00131184,1.329120576,1.329120576,0.012787632,0.0,0.0,0.0
130600,保定市,130600,0.14767097039999993,0.709141248,0.007303401000000001,1.07367444,1.07367444,0.047044800000000005,0.0,0.0,0.0
130700,张家口市,130700,0.0011980944,0.0,0.001497618,0.009412848,0.0,0.009412848,0.0,0.0,0.0
130800,承德市,130800,0.000112176,0.0,0.00014022,0.00504792,0.0,0.00504792,0.0,0.0,0.0
130900,沧州市,130900,0.13860930240000002,0.688438404,0.0011520270000000001,0.9663069959999999,0.9663069959999999,0.012787632,0.0,0.0,0.0
131000,廊坊市,131000,0.0029956896000000004,0.0,0.0037446120000000005,0.014004576,0.0,0.014004576,0.0,0.0,0.0
131100,衡水市,131100,0.00074304,0.0,0.0009288,0.006095087999999999,0.0,0.006095087999999999,0.0,0.0,0.0
140100,太原市,140100,0.05366154960000001,0.259491816,0.002203983,0.8146555560000001,0.8146555560000001,0.052884576,0.0,0.0,0.0
140200,大同市,140200,0.0002741184,0.0,0.000342648,0.007583543999999999,0.0,0.007583543999999999,0.0,0.0,0.0
140300,阳泉市,140300,0.0,0.0,0.0,0.0,0.0,0.0,0.0,0.0,0.0
140400,长治市,140400,0.0,0.0,0.0,0.0,0.0,0.0,0.0,0.0,0.0
140500,晋城市,140500,0.0005263631999999999,0.0,0.000657954,0.007894584,0.0,0.007894584,0.0,0.0,0.0
140600,朔州市,140600,0.0003934656000000001,0.0,0.0004918320000000001,0.007849872,0.0,0.007849872,0.0,0.0,0.0
140700,晋中市,140700,0.09551219759999999,0.20763093600000002,0.06748251300000001,1.3548902400000002,1.336643856,1.3548902400000002,0.0,0.0,0.0
140800,运城市,140800,0.0517050216,0.251720244,0.001701216,0.83070036,0.83070036,0.032981904,0.0,0.0,0.0
140900,忻州市,140900,0.0002172024,0.0,0.000271503,0.005159376,0.0,0.005159376,0.0,0.0,0.0
141000,临汾市,141000,0.0013709376000000002,0.0,0.0017136720000000003,0.018458928,0.0,0.018458928,0.0,0.0,0.0
141100,吕梁市,141100,0.0005906952,0.0,0.000738369,0.006364656,0.0,0.006364656,0.0,0.0,0.0
150100,呼和浩特市,150100,0.0013636439999999998,0.0,0.0017045549999999997,0.00916596,0.0,0.00916596,0.0,0.0,0.0
150200,包头市,150200,0.0,0.0,0.0,0.0,0.0,0.0,0.0,0.0,0.0
150300,乌海市,150300,0.0,0.0,0.0,0.0,0.0,0.0,0.0,0.0,0.0
150400,赤峰市,150400,0.002017188,0.0,0.002521485,0.02151198,0.0,0.02151198,0.0,0.0,0.0
150500,通辽市,150500,0.0,0.0,0.0,0.0,0.0,0.0,0.0,0.0,0.0
150600,鄂尔多斯市,150600,0.0001222848,0.0,0.00015285600000000002,0.005502816000000001,0.0,0.005502816000000001,0.0,0.0,0.0
150700,呼伦贝尔市,150700,0.0001037376,0.0,0.000129672,0.004668192,0.0,0.004668192,0.0,0.0,0.0
150800,巴彦淖尔市,150800,0.0001738008,0.0,0.000217251,0.002769876,0.0,0.002769876,0.0,0.0,0.0
150900,乌兰察布市,150900,0.00035035919999999997,0.0,0.000437949,0.008158967999999999,0.0,0.008158967999999999,0.0,0.0,0.0
152200,兴安盟,152200,0.0,0.0,0.0,0.0,0.0,0.0,0.0,0.0,0.0
152500,锡林郭勒盟,152500,0.001018296,0.0,0.00127287,0.012950280000000002,0.0,0.012950280000000002,0.0,0.0,0.0
152900,阿拉善盟,152900,0.0,0.0,0.0,0.0,0.0,0.0,0.0,0.0,0.0
210100,沈阳市,210100,0.08176393439999999,0.359511192,0.01232712,0.901997208,0.901997208,0.04627400400000001,0.0,0.0,0.0
210200,大连市,210200,0.002754381599999999,0.0,0.003442976999999999,0.017209584,0.0,0.017209584,0.0,0.0,0.0
210300,鞍山市,210300,0.0,0.0,0.0,0.0,0.0,0.0,0.0,0.0,0.0
210400,抚顺市,210400,0.0,0.0,0.0,0.0,0.0,0.0,0.0,0.0,0.0
210500,本溪市,210500,0.0,0.0,0.0,0.0,0.0,0.0,0.0,0.0,0.0
210600,丹东市,210600,0.0001791288,0.0,0.000223911,0.008060796,0.0,0.008060796,0.0,0.0,0.0
210700,锦州市,210700,0.00043153919999999995,0.0,0.0005394239999999999,0.008158967999999999,0.0,0.008158967999999999,0.0,0.0,0.0
210800,营口市,210800,0.0,0.0,0.0,0.0,0.0,0.0,0.0,0.0,0.0
210900,阜新市,210900,0.0002988432,0.0,0.000373554,0.007894584,0.0,0.007894584,0.0,0.0,0.0
211000,辽阳市,211000,0.0002437488,0.0,0.000304686,0.006095087999999999,0.0,0.006095087999999999,0.0,0.0,0.0
211100,盘锦市,211100,0.0,0.0,0.0,0.0,0.0,0.0,0.0,0.0,0.0
211200,铁岭市,211200,0.0,0.0,0.0,0.0,0.0,0.0,0.0,0.0,0.0
211300,朝阳市,211300,0.0,0.0,0.0,0.0,0.0,0.0,0.0,0.0,0.0
211400,葫芦岛市,211400,0.0012599064,0.0,0.001574883,0.026869320000000002,0.0,0.026869320000000002,0.0,0.0,0.0
220100,长春市,220100,0.0053799336,0.0,0.006724917,0.039663432,0.0,0.039663432,0.0,0.0,0.0
220200,吉林市,220200,0.0006868439999999999,0.0,0.000858555,0.008158967999999999,0.0,0.008158967999999999,0.0,0.0,0.0
220300,四平市,220300,0.0,0.0,0.0,0.0,0.0,0.0,0.0,0.0,0.0
220400,辽源市,220400,0.0,0.0,0.0,0.0,0.0,0.0,0.0,0.0,0.0
220500,通化市,220500,0.0002477952,0.0,0.000309744,0.006095087999999999,0.0,0.006095087999999999,0.0,0.0,0.0
220600,白山市,220600,0.0,0.0,0.0,0.0,0.0,0.0,0.0,0.0,0.0
220700,松原市,220700,0.0,0.0,0.0,0.0,0.0,0.0,0.0,0.0,0.0
220800,白城市,220800,0.00025632,0.0,0.0003204,0.006095087999999999,0.0,0.006095087999999999,0.0,0.0,0.0
222400,延边朝鲜族自治州,222400,0.0,0.0,0.0,0.0,0.0,0.0,0.0,0.0,0.0
230100,哈尔滨市,230100,0.21115527840000006,1.039605408,0.004042746,1.3330727279999999,1.3330727279999999,0.013742460000000001,0.0,0.103734432,0.0
230200,齐齐哈尔市,230200,0.0,0.0,0.0,0.0,0.0,0.0,0.0,0.0,0.0
230300,鸡西市,230300,0.0,0.0,0.0,0.0,0.0,0.0,0.0,0.0,0.0
230400,鹤岗市,230400,0.0001045872,0.0,0.000130734,0.004706424,0.0,0.004706424,0.0,0.0,0.0
230500,双鸭山市,230500,0.0,0.0,0.0,0.0,0.0,0.0,0.0,0.0,0.0
230600,大庆市,230600,0.0,0.0,0.0,0.0,0.0,0.0,0.0,0.0,0.0
230700,伊春市,230700,0.0,0.0,0.0,0.0,0.0,0.0,0.0,0.0,0.0
230800,佳木斯市,230800,0.00018858240000000002,0.0,0.00023572800000000002,0.008486208,0.0,0.008486208,0.0,0.0,0.0
230900,七台河市,230900,0.0,0.0,0.0,0.0,0.0,0.0,0.0,0.0,0.0
231000,牡丹江市,231000,0.0002672784,0.0,0.00033409799999999996,0.009590724,0.0,0.009590724,0.0,0.0,0.0
231100,黑河市,231100,0.00029752559999999997,0.0,0.000371907,0.007848899999999999,0.0,0.007848899999999999,0.0,0.0,0.0
231200,绥化市,231200,0.00011629440000000001,0.0,0.000145368,0.005233248,0.0,0.005233248,0.0,0.0,0.0
232700,大兴安岭地区,232700,0.0,0.0,0.0,0.0,0.0,0.0,0.0,0.0,0.0
310000,上海市,310000,0.7329637727999999,3.4179053399999995,0.061728380999999985,5.15426976,5.15426976,0.337139172,0.014850864,0.635373396,0.014850864
320100,南京市,320100,0.31530729599999996,1.4245534800000001,0.037995750000000016,2.159689392,2.159689392,0.12907188,0.005439312,0.19450206,0.005439312
320200,无锡市,320200,0.06578082720000002,0.295155648,0.008437121999999998,0.925581168,0.925581168,0.059495148,0.0,0.0,0.0
320300,徐州市,320300,0.23659268400000003,1.1525619960000002,0.007600355999999999,1.7178791039999999,1.7178791039999999,0.11237972400000001,0.0,0.505705356,0.0
320400,常州市,320400,0.005617569599999999,0.0,0.007021961999999999,0.030334175999999997,0.0,0.030334175999999997,0.0,0.0,0.0
320500,苏州市,320500,0.23471687520000006,1.050488856,0.030773879999999993,1.481852556,1.481852556,0.19170658799999998,0.005176224,0.298236492,0.005176224
320600,南通市,320600,0.1833907248,0.893090736,0.005965722,1.1810418839999999,1.1810418839999999,0.039663432,0.0,0.103734432,0.0
320700,连云港市,320700,0.0016852104,0.0,0.002106513,0.013598279999999999,0.0,0.013598279999999999,0.0,0.0,0.0
320800,淮安市,320800,0.0034675272,0.0,0.004334409,0.052884576,0.0,0.052884576,0.0,0.0,0.0
320900,盐城市,320900,0.06691514399999998,0.26643553200000003,0.017035047,1.065628872,1.065628872,0.06610572,0.0,0.0,0.0
321000,扬州市,321000,0.0748549944,0.3560679,0.004551768,0.848449404,0.848449404,0.023424228,0.0,0.0,0.0
321100,镇江市,321100,0.0044471015999999995,0.0,0.005558876999999999,0.026804843999999998,0.0,0.026804843999999998,0.0,0.0,0.0
321200,泰州市,321200,0.1377958896,0.680616576,0.002090718,1.065628872,1.065628872,0.02151198,0.0,0.0,0.0
321300,宿迁市,321300,0.0006590952,0.0,0.0008238690000000001,0.007327907999999999,0.0,0.007327907999999999,0.0,0.0,0.0
330100,杭州市,330100,0.28890389520000004,1.360423332,0.021024036,2.082557628,2.082557628,0.171874872,0.0,0.3241701,0.0
330200,宁波市,330200,0.016525972800000004,0.04326264,0.009841806,0.38936376,0.38936376,0.06610572,0.0,0.0,0.0
330300,温州市,330300,0.34953521759999995,1.7096583599999997,0.009504431999999998,2.604870576,2.604870576,0.06610572,0.0,0.233402472,0.0
330400,嘉兴市,330400,0.0020295648000000005,0.0,0.0025369560000000004,0.012787632,0.0,0.012787632,0.0,0.0,0.0
330500,湖州市,330500,0.0015792264000000001,0.0,0.001974033,0.01221318,0.0,0.01221318,0.0,0.0,0.0
330600,绍兴市,330600,0.0207352728,0.078745788,0.006232644000000001,0.708712092,0.708712092,0.028647431999999997,0.0,0.0,0.0
330700,金华市,330700,0.08400588480000001,0.406471932,0.003389373,1.07367444,1.07367444,0.023683752000000002,0.0,0.0,0.0
330800,衢州市,330800,0.0014892983999999997,0.0,0.0018616229999999998,0.01263924,0.0,0.01263924,0.0,0.0,0.0
330900,舟山市,330900,0.0009899136,0.0,0.0012373920000000001,0.017694936,0.0,0.017694936,0.0,0.0,0.0
331000,台州市,331000,0.18197958240000006,0.8498910600000001,0.015001712999999996,1.1810418839999999,1.1810418839999999,0.343749744,0.0,0.24636927600000003,0.0
331100,丽水市,331100,0.0,0.0,0.0,0.0,0.0,0.0,0.0,0.0,0.0
340100,合肥市,340100,0.48010824719999984,2.250653399999999,0.037471959,3.08527056,3.08527056,0.118990296,0.00863622,0.272302884,0.00863622
340200,芜湖市,340200,0.18875037600000005,0.821514384,0.030559373999999997,1.448030844,1.448030844,0.079326864,0.0,0.0,0.006095087999999999
340300,蚌埠市,340300,0.0004333751999999999,0.0,0.000541719,0.008566236,0.0,0.008566236,0.0,0.0,0.0
340400,淮南市,340400,0.0001222848,0.0,0.00015285600000000002,0.005502816000000001,0.0,0.005502816000000001,0.0,0.0,0.0
340500,马鞍山市,340500,0.0034489152000000004,0.0,0.004311144,0.023438808,0.0,0.023438808,0.0,0.0,0.0
340600,淮北市,340600,0.0008662031999999998,0.0,0.0010827539999999998,0.027427895999999997,0.0,0.027427895999999997,0.0,0.0,0.0
340700,铜陵市,340700,0.06595948080000001,0.312490368,0.0043267589999999995,0.9472256640000001,0.9472256640000001,0.016121592,0.0,0.0,0.0
340800,安庆市,340800,0.7419309048000002,3.5981193240000002,0.027883799999999997,5.9201604,5.9201604,0.158653728,0.0,0.36307051200000007,0.0
341000,黄山市,341000,0.0004767552,0.0,0.0005959439999999999,0.010410767999999999,0.0,0.010410767999999999,0.0,0.0,0.0
341100,滁州市,341100,0.0037453248000000002,0.0,0.004681656,0.04627400400000001,0.0,0.04627400400000001,0.0,0.0,0.0
341200,阜阳市,341200,0.6000883704,2.826773856,0.043416999000000005,4.079962871999999,4.079962871999999,0.19170658799999998,0.009336384,0.531638964,0.009336384
341300,宿州市,341300,0.1631140776,0.7948469880000001,0.005180850000000001,1.1810418839999999,1.1810418839999999,0.079326864,0.0,0.142634844,0.0
341500,六安市,341500,0.29519522640000007,1.411918704,0.016014356999999996,2.254716324,2.254716324,0.055931148,0.0,0.19450206,0.0
341600,亳州市,341600,0.162555768,0.8077890600000001,0.001247445,1.162980504,1.162980504,0.011421648,0.0,0.103734432,0.0
341700,池州市,341700,0.008616708,0.0,0.010770885000000001,0.034419168,0.0,0.034419168,0.0,0.0,0.0
341800,宣城市,341800,0.0017159904000000003,0.0,0.0021449880000000004,0.01514376,0.0,0.01514376,0.0,0.0,0.0
350100,福州市,350100,0.2933567784,1.4279363999999999,0.009711873000000001,2.131257744,2.131257744,0.09254800800000001,0.0,0.207468864,0.0
350200,厦门市,350200,0.21779997839999998,1.050067908,0.009732996,1.6105116599999998,1.6105116599999998,0.06610572,0.0,0.168568452,0.0
350300,莆田市,350300,0.056871849599999996,0.280954764,0.000851121,0.9663069959999999,0.9663069959999999,0.01254528,0.0,0.0,0.0
350400,三明市,350400,0.0174402792,0.078745788,0.0021139019999999995,0.708712092,0.708712092,0.014004576,0.0,0.0,0.0
350500,泉州市,350500,0.3127299912,1.537250616,0.006599835000000001,2.0399814359999997,2.0399814359999997,0.079326864,0.0,0.155601648,0.0
350600,漳州市,350600,0.0023962176000000006,0.0,0.0029952720000000006,0.01515348,0.0,0.01515348,0.0,0.0,0.0
350700,南平市,350700,0.0005039712,0.0,0.000629964,0.007770168,0.0,0.007770168,0.0,0.0,0.0
350800,龙岩市,350800,0.00031944959999999996,0.0,0.000399312,0.009142632,0.0,0.009142632,0.0,0.0,0.0
350900,宁德市,350900,0.000127944,0.0,0.00015993000000000002,0.005757480000000001,0.0,0.005757480000000001,0.0,0.0,0.0
360100,南昌市,360100,0.7036282728,3.27854934,0.059898006,5.0124144600000005,5.0124144600000005,0.18509601600000003,0.033895584,0.38900412,0.033895584
360200,景德镇市,360200,0.0012519864,0.0,0.0015649829999999998,0.012874140000000001,0.0,0.012874140000000001,0.0,0.0,0.0
360300,萍乡市,360300,0.00011443680000000002,0.0,0.00014304600000000003,0.005149656000000001,0.0,0.005149656000000001,0.0,0.0,0.0
360400,九江市,360400,0.8113102847999999,3.765507228,0.07276104900000001,5.9201604,5.9201604,0.244591164,0.035355528,0.376037316,0.035355528
360500,新余市,360500,0.0003134016,0.0,0.000391752,0.009229464,0.0,0.009229464,0.0,0.0,0.0
360600,鹰潭市,360600,0.0001283472,0.0,0.000160434,0.005775624,0.0,0.005775624,0.0,0.0,0.0
360700,赣州市,360700,0.2441358576,1.195984836,0.0061736130000000005,1.6576449120000003,1.6576449120000003,0.06610572,0.0,0.155601648,0.0
360800,吉安市,360800,0.208102752,1.02404736,0.004116600000000001,1.5392417040000002,1.5392417040000002,0.059495148,0.0,0.12966804,0.0
360900,宜春市,360900,0.4204670040000001,2.0780393040000003,0.0060739290000000005,3.0784834080000003,3.0784834080000003,0.09915858,0.0,0.168568452,0.0
361000,抚州市,361000,0.22688257680000004,1.1092266720000001,0.006296553,1.6576449120000003,1.6576449120000003,0.06610572,0.0,0.116701236,0.0
361100,上饶市,361100,0.27100629360000006,1.3344980400000002,0.005133357,2.14734888,2.14734888,0.072716292,0.0,0.22043566800000003,0.0
370100,济南市,370100,0.06021722160000001,0.270405396,0.007670178,0.848449404,0.848449404,0.05331744000000001,0.0,0.0,0.0
370200,青岛市,370200,0.06910891920000002,0.315057672,0.0076217310000000005,1.095282324,1.095282324,0.031395599999999996,0.0,0.0,0.0
370300,淄博市,370300,0.0008376191999999998,0.0,0.0010470239999999997,0.014655815999999999,0.0,0.014655815999999999,0.0,0.0,0.0
370400,枣庄市,370400,0.0035313551999999995,0.0,0.004414194,0.05645376,0.0,0.05645376,0.0,0.0,0.0
370500,东营市,370500,0.0,0.0,0.0,0.0,0.0,0.0,0.0,0.0,0.0
370600,烟台市,370600,0.00035847360000000004,0.0,0.00044809200000000003,0.005502816000000001,0.0,0.005502816000000001,0.0,0.0,0.0
370700,潍坊市,370700,0.008835040799999997,0.0,0.011043800999999997,0.047087892000000006,0.0,0.047087892000000006,0.0,0.0,0.0
370800,济宁市,370800,0.09470288880000004,0.46437750000000005,0.002284236,0.9663069959999999,0.9663069959999999,0.015789168,0.0,0.0,0.0
370900,泰安市,370900,0.0009964368,0.0,0.001245546,0.039663432,0.0,0.039663432,0.0,0.0,0.0
371000,威海市,371000,0.00017742240000000002,0.0,0.00022177800000000003,0.005159376,0.0,0.005159376,0.0,0.0,0.0
371100,日照市,371100,0.0010174032,0.0,0.001271754,0.027497880000000002,0.0,0.027497880000000002,0.0,0.0,0.0
371300,临沂市,371300,0.08159598720000001,0.369089928,0.009722501999999997,1.07367444,1.07367444,0.079326864,0.0,0.0,0.0
371400,德州市,371400,0.0020979288000000005,0.0,0.0026224110000000003,0.015984540000000002,0.0,0.015984540000000002,0.0,0.0,0.0
371500,聊城市,371500,0.0010573128000000002,0.0,0.0013216410000000001,0.008663436,0.0,0.008663436,0.0,0.0,0.0
371600,滨州市,371600,0.0005042015999999999,0.0,0.000630252,0.012787632,0.0,0.012787632,0.0,0.0,0.0
371700,菏泽市,371700,0.24391481760000006,1.188399996,0.007793522999999998,1.77604812,1.77604812,0.052884576,0.0,0.155601648,0.0
410100,郑州市,410100,0.7421640696000001,3.336655032,0.093541329,4.782169368,4.782169368,0.323918028,0.034264944,0.42790453200000006,0.034264944
410200,开封市,410200,0.23641205760000006,1.15512822,0.006733017,2.0399814359999997,2.0399814359999997,0.072716292,0.0,0.103734432,0.0
410300,洛阳市,410300,0.26203796640000004,1.2788881200000004,0.007825428,1.825246548,1.825246548,0.09165960000000001,0.0,0.142634844,0.0
410400,平顶山市,410400,0.2140102152,1.0380086640000001,0.008010603,1.6576449120000003,1.6576449120000003,0.052884576,0.0,0.116701236,0.0
410500,安阳市,410500,0.2393680536,1.134884448,0.015488955000000002,1.825246548,1.825246548,0.16171747200000003,0.0,0.103734432,0.0
410600,鹤壁市,410600,0.0002566944,0.0,0.000320868,0.011551248,0.0,0.011551248,0.0,0.0,0.0
410700,新乡市,410700,0.2573975664000001,1.249836516,0.009287829,1.825246548,1.825246548,0.059495148,0.0,0.103734432,0.0
410800,焦作市,410800,0.11249238240000002,0.5529391920000001,0.0023806799999999996,1.07367444,1.07367444,0.039663432,0.0,0.0,0.0
410900,濮阳市,410900,0.0841549104,0.415456812,0.001329435,1.07367444,1.07367444,0.01833192,0.0,0.0,0.0
411000,许昌市,411000,0.25383911039999996,1.229042952,0.010038149999999997,1.9326139919999998,1.9326139919999998,0.072716292,0.0,0.155601648,0.0
411100,漯河市,411100,0.30875955839999997,1.481934564,0.015465806999999998,2.604870576,2.604870576,0.079326864,0.0,0.168568452,0.0
411200,三门峡市,411200,0.006544835999999999,0.0,0.008181045,0.02822688,0.0,0.02822688,0.0,0.0,0.0
411300,南阳市,411300,1.2508129008,5.778343691999999,0.11893020300000003,9.117047016,9.117047016,0.44951889600000006,0.044347824,0.700207416,0.044347824
411400,商丘市,411400,0.6018931872,2.924947944,0.021129498000000003,4.29469776,4.29469776,0.26442288,0.0,0.6483402,0.0
411500,信阳市,411500,2.5148404152,12.160628352,0.103393431,20.838964608,20.838964608,0.700720632,0.044318016,1.5819500880000001,0.044318016
411600,周口市,411600,0.7345897488,3.5992551240000004,0.018423404999999997,5.475739644,5.475739644,0.18509601600000003,0.0,0.45383814,0.0
411700,驻马店市,411700,1.0509536376000004,5.137310520000001,0.029364417000000007,7.837823412,7.837823412,0.244591164,0.002769876,0.570539376,0.002769876
420100,武汉市,420100,175.86288000000002,764.16732,28.786770000000004,1184.03208,1184.03208,66.10572,21.215519999999998,129.66804000000002,21.215519999999998
420200,黄石市,420200,6.505098861599999,29.069261351999995,0.8640582389999998,45.703638288,45.703638288,2.260815624,0.663054336,4.434646968,0.663054336
420300,十堰市,420300,3.8053017648,14.743953936,1.0706387219999998,24.391060848000002,24.391060848000002,2.37658698,0.468862992,2.5933608,0.468862992
420500,宜昌市,420500,5.592003969600002,21.6691506,1.5727173119999998,37.652220144000005,37.652220144000005,2.6303972399999997,1.0204665119999998,3.617738316,1.0204665119999998
420600,襄阳市,420600,7.018451661600001,30.915051156000004,1.0443017879999996,53.2814436,53.2814436,2.333531916,0.56221128,4.4216801640000005,0.56221128
420700,鄂州市,420700,6.833048882400003,28.264282703999996,1.4752404269999992,39.987928692,39.987928692,3.093747696,1.0645010279999998,5.407157268000001,1.0645010279999998
420800,荆门市,420800,6.153528780000004,27.540048528,0.8068988430000003,49.61094415200001,49.61094415200001,2.095551324,0.354299184,4.304978928,0.354299184
420900,孝感市,420900,26.235246355199994,112.028373576,4.7869645499999995,188.355396708,188.355396708,10.887612083999999,3.93210126,22.056533604000002,3.93210126
421000,荆州市,421000,12.239528119200006,53.190793908,2.001711672,90.57845412,90.57845412,4.039059492000001,1.088356176,7.611513948000001,1.088356176
421100,黄冈市,421100,26.006757847200006,105.219619632,6.203542401000001,166.711716864,166.711716864,10.947107231999999,4.968674784,20.656118772,4.968674784
421200,咸宁市,421200,9.034468574400002,37.103939495999995,2.017100844,56.12312059200001,56.12312059200001,3.424276296,1.642081248,6.1462650960000005,1.642081248
421300,随州市,421300,5.793515963999997,26.962659432,0.501230097,46.22560002,46.22560002,1.665864144,0.335205216,4.0326760440000005,0.335205216
422800,恩施土家族苗族自治州,422800,4.0947714504,13.387156668000001,1.7716751460000002,20.838964608,20.838964608,3.2764597199999996,1.022588064,3.099066156,1.022588064
430100,长沙市,430100,1.2377647295999994,5.6633697000000005,0.13136348699999995,7.8674399280000005,7.8674399280000005,0.38341317599999997,0.03501144,0.49273855200000005,0.03501144
430200,株洲市,430200,0.3382765848,1.3517330760000001,0.084912462,2.0128545360000003,2.0128545360000003,0.18509601600000003,0.053737992,0.298236492,0.053737992
430300,湘潭市,430300,0.20502433439999998,0.9633611880000001,0.015440120999999998,1.6105116599999998,1.6105116599999998,0.115809912,0.0,0.0,0.0
430400,衡阳市,430400,0.3868839936,1.8598555800000003,0.018641097000000006,2.841676992,2.841676992,0.06610572,0.0,0.233402472,0.0
430500,邵阳市,430500,0.3266748576,1.606695048,0.00666981,2.469451212,2.469451212,0.052884576,0.0,0.207468864,0.0
430600,岳阳市,430600,0.9001971576000001,4.052930904,0.11201372100000001,6.867386064,6.867386064,0.337139172,0.040390164000000006,0.45383814,0.040390164000000006
430700,常德市,430700,0.5889505319999999,2.87852958,0.01655577,4.736128320000001,4.736128320000001,0.13221144,0.0,0.298236492,0.0
430800,张家界市,430800,0.0013994711999999999,0.0,0.001749339,0.0313632,0.0,0.0313632,0.0,0.0,0.0
430900,益阳市,430900,0.33707036879999996,1.64997594,0.008843975999999998,2.841676992,2.841676992,0.11237972400000001,0.0,0.233402472,0.0
431000,郴州市,431000,0.17379470160000002,0.854972964,0.003500136000000001,1.420838496,1.420838496,0.017209584,0.0,0.12966804,0.0
431100,永州市,431100,0.20361174480000005,0.9988548120000001,0.004800978000000001,1.6105116599999998,1.6105116599999998,0.04627400400000001,0.0,0.116701236,0.0
431200,怀化市,431200,0.16536437279999996,0.806429376,0.005098122,1.302435288,1.302435288,0.039663432,0.0,0.09076762800000002,0.0
431300,娄底市,431300,0.29555473680000005,1.4622540120000003,0.003879918000000001,2.0128545360000003,2.0128545360000003,0.059495148,0.0,0.207468864,0.0
433100,湘西土家族苗族自治州,433100,0.005739148800000001,0.0,0.007173936000000001,0.039663432,0.0,0.039663432,0.0,0.0,0.0
440100,广州市,440100,0.6845478048000001,3.152158488,0.06764513399999998,4.4020652039999995,4.4020652039999995,0.416466036,0.010791792,0.8817426720000001,0.010791792
440200,韶关市,440200,0.0025625807999999995,0.0,0.0032032259999999996,0.015697799999999998,0.0,0.015697799999999998,0.0,0.0,0.0
440300,深圳市,440300,0.7387254072000001,3.27744576,0.104045319,4.187330316,4.187330316,0.918869508,0.028246320000000005,1.1670123600000002,0.028246320000000005
440400,珠海市,440400,0.1561068072,0.7363776959999999,0.011039084999999999,1.1810418839999999,1.1810418839999999,0.072716292,0.0,0.0,0.0
440500,汕头市,440500,0.0020584296000000003,0.0,0.0025730370000000002,0.020704896,0.0,0.020704896,0.0,0.0,0.0
440600,佛山市,440600,0.06867277199999999,0.27867729599999996,0.016171641,0.891095904,0.891095904,0.158653728,0.0,0.0,0.0
440700,江门市,440700,0.0015945552000000002,0.0,0.001993194,0.06610572,0.0,0.06610572,0.0,0.0,0.0
440800,湛江市,440800,0.052109027999999995,0.246821184,0.003430989,0.9472256640000001,0.9472256640000001,0.018057816,0.0,0.0,0.0
440900,茂名市,440900,0.0057253464,0.0,0.0071566830000000005,0.022011264000000003,0.0,0.022011264000000003,0.0,0.0,0.0
441200,肇庆市,441200,0.00017691120000000001,0.0,0.00022113900000000003,0.005263056,0.0,0.005263056,0.0,0.0,0.0
441300,惠州市,441300,0.11610970559999999,0.523749096,0.014199857999999997,1.302435288,1.302435288,0.105769152,0.0,0.0,0.0
441400,梅州市,441400,0.0001283472,0.0,0.000160434,0.005775624,0.0,0.005775624,0.0,0.0,0.0
441500,汕尾市,441500,0.00011629440000000001,0.0,0.000145368,0.005233248,0.0,0.005233248,0.0,0.0,0.0
441600,河源市,441600,0.0,0.0,0.0,0.0,0.0,0.0,0.0,0.0,0.0
441700,阳江市,441700,0.00033551279999999994,0.0,0.00041939099999999997,0.007770168,0.0,0.007770168,0.0,0.0,0.0
441800,清远市,441800,0.00304524,0.0,0.0038065499999999997,0.039663432,0.0,0.039663432,0.0,0.0,0.0
441900,东莞市,441900,0.20556759599999996,0.85079358,0.044261100000000005,1.225256868,1.225256868,0.343749744,0.005502816000000001,0.42790453200000006,0.005502816000000001
442000,中山市,442000,0.020271492,0.073530504,0.006956739,0.506172888,0.506172888,0.085937436,0.0,0.0,0.0
445100,潮州市,445100,0.0004318488,0.0,0.000539811,0.014255351999999999,0.0,0.014255351999999999,0.0,0.0,0.0
445200,揭阳市,445200,0.000127944,0.0,0.00015993000000000002,0.005757480000000001,0.0,0.005757480000000001,0.0,0.0,0.0
445300,云浮市,445300,0.0,0.0,0.0,0.0,0.0,0.0,0.0,0.0,0.0
450100,南宁市,450100,0.20162728800000004,0.98351046,0.006156495000000001,1.302435288,1.302435288,0.023102496,0.0,0.18153525600000003,0.0
450200,柳州市,450200,0.0027348264,0.0,0.0034185329999999996,0.039663432,0.0,0.039663432,0.0,0.0,0.0
450300,桂林市,450300,0.18365288400000002,0.8878234319999999,0.0076102470000000005,1.3957767719999998,1.3957767719999998,0.030956255999999998,0.0,0.142634844,0.0
450400,梧州市,450400,0.0007966080000000001,0.0,0.00099576,0.011421648,0.0,0.011421648,0.0,0.0,0.0
450500,北海市,450500,0.12629489759999998,0.621995652,0.002369709,1.079910468,1.079910468,0.059495148,0.0,0.0,0.0
450600,防城港市,450600,0.00054738,0.0,0.0006842249999999999,0.01514376,0.0,0.01514376,0.0,0.0,0.0
450700,钦州市,450700,0.0001645416,0.0,0.00020567699999999998,0.004706424,0.0,0.004706424,0.0,0.0,0.0
450800,贵港市,450800,0.0003585888,0.0,0.000448236,0.005649264,0.0,0.005649264,0.0,0.0,0.0
450900,玉林市,450900,0.0012050856,0.0,0.001506357,0.030116772000000003,0.0,0.030116772000000003,0.0,0.0,0.0
451000,百色市,451000,0.0,0.0,0.0,0.0,0.0,0.0,0.0,0.0,0.0
451100,贺州市,451100,0.00011234879999999999,0.0,0.00014043599999999997,0.005055695999999999,0.0,0.005055695999999999,0.0,0.0,0.0
451200,河池市,451200,0.0005228640000000001,0.0,0.0006535800000000001,0.010526112,0.0,0.010526112,0.0,0.0,0.0
451300,来宾市,451300,0.0002031696,0.0,0.000253962,0.009142632,0.0,0.009142632,0.0,0.0,0.0
451400,崇左市,451400,0.0001208736,0.0,0.000151092,0.005439312,0.0,0.005439312,0.0,0.0,0.0
460100,海口市,460100,0.14418495360000003,0.705644424,0.0038200860000000003,1.065628872,1.065628872,0.052884576,0.0,0.18153525600000003,0.0
460200,三亚市,460200,0.19981386719999997,0.97947432,0.004898754000000001,1.3957767719999998,1.3957767719999998,0.125600868,0.0,0.233402472,0.0
460300,三沙市,460300,0.0,0.0,0.0,0.0,0.0,0.0,0.0,0.0,0.0
460400,儋州市,460400,0.0,0.0,0.0,0.0,0.0,0.0,0.0,0.0,0.0
500000,重庆市,500000,1.8785482704,9.054795888,0.084486366,13.420930499999999,13.420930499999999,0.423076608,0.040004604000000006,1.192945968,0.040004604000000006
510100,成都市,510100,0.5511892032,2.644693848,0.027813042000000003,3.548061144,3.548061144,0.19170658799999998,0.004614732,0.337136904,0.004614732
510300,自贡市,510300,0.00011629440000000001,0.0,0.000145368,0.005233248,0.0,0.005233248,0.0,0.0,0.0
510400,攀枝花市,510400,0.0,0.0,0.0,0.0,0.0,0.0,0.0,0.0,0.0
510500,泸州市,510500,0.00033183359999999995,0.0,0.000414792,0.005208623999999999,0.0,0.005208623999999999,0.0,0.0,0.0
510600,德阳市,510600,0.0006502032,0.0,0.000812754,0.019093968,0.0,0.019093968,0.0,0.0,0.0
510700,绵阳市,510700,0.0006941592000000001,0.0,0.0008676990000000001,0.021954240000000003,0.0,0.021954240000000003,0.0,0.0,0.0
510800,广元市,510800,0.0004615632000000001,0.0,0.0005769540000000001,0.009408960000000001,0.0,0.009408960000000001,0.0,0.0,0.0
510900,遂宁市,510900,0.0007938432,0.0,0.000992304,0.018817920000000002,0.0,0.018817920000000002,0.0,0.0,0.0
511000,内江市,511000,0.0005129208,0.0,0.000641151,0.005775624,0.0,0.005775624,0.0,0.0,0.0
511100,乐山市,511100,0.0005202864,0.0,0.000650358,0.012950280000000002,0.0,0.012950280000000002,0.0,0.0,0.0
511300,南充市,511300,0.11227620960000001,0.5471629200000002,0.003554532,1.07367444,1.07367444,0.059495148,0.0,0.0,0.0
511400,眉山市,511400,0.000135792,0.0,0.00016974,0.0061106400000000005,0.0,0.0061106400000000005,0.0,0.0,0.0
511500,宜宾市,511500,0.00033927839999999996,0.0,0.000424098,0.007310412,0.0,0.007310412,0.0,0.0,0.0
511600,广安市,511600,0.0159621552,0.070644996,0.0022914450000000005,0.467236512,0.467236512,0.024380351999999997,0.0,0.0,0.0
511700,达州市,511700,0.1799513711999999,0.8805889439999999,0.0047919780000000006,1.3957767719999998,1.3957767719999998,0.059495148,0.0,0.142634844,0.0
511800,雅安市,511800,0.0,0.0,0.0,0.0,0.0,0.0,0.0,0.0,0.0
511900,巴中市,511900,0.0003467088,0.0,0.000433386,0.005757480000000001,0.0,0.005757480000000001,0.0,0.0,0.0
512000,资阳市,512000,0.0012967056,0.0,0.001620882,0.03666384,0.0,0.03666384,0.0,0.0,0.0
513200,阿坝藏族羌族自治州,513200,0.0,0.0,0.0,0.0,0.0,0.0,0.0,0.0,0.0
513300,甘孜藏族自治州,513300,0.0,0.0,0.0,0.0,0.0,0.0,0.0,0.0,0.0
513400,凉山彝族自治州,513400,0.0,0.0,0.0,0.0,0.0,0.0,0.0,0.0,0.0
520100,贵阳市,520100,0.04898199600000001,0.22491712800000002,0.0049982130000000005,0.848449404,0.848449404,0.039663432,0.0,0.0,0.0
520200,六盘水市,520200,0.0001222848,0.0,0.00015285600000000002,0.005502816000000001,0.0,0.005502816000000001,0.0,0.0,0.0
520300,遵义市,520300,0.0016845624,0.0,0.002105703,0.017209584,0.0,0.017209584,0.0,0.0,0.0
520400,安顺市,520400,0.000127944,0.0,0.00015993000000000002,0.005757480000000001,0.0,0.005757480000000001,0.0,0.0,0.0
520500,毕节市,520500,0.0013180392,0.0,0.001647549,0.017209584,0.0,0.017209584,0.0,0.0,0.0
520600,铜仁市,520600,0.004107664800000001,0.0,0.005134581000000001,0.08663436000000001,0.0,0.08663436000000001,0.0,0.0,0.0
522300,黔西南布依族苗族自治州,522300,0.000353232,0.0,0.00044154000000000003,0.005603904,0.0,0.005603904,0.0,0.0,0.0
522600,黔东南苗族侗族自治州,522600,0.0002949552,0.0,0.00036869400000000003,0.007770168,0.0,0.007770168,0.0,0.0,0.0
522700,黔南布依族苗族自治州,522700,0.0005297256,0.0,0.000662157,0.007327907999999999,0.0,0.007327907999999999,0.0,0.0,0.0
530100,昆明市,530100,0.2891983896000001,1.3925487600000002,0.013360796999999997,2.0399814359999997,2.0399814359999997,0.237980592,0.0,0.272302884,0.0
530300,曲靖市,530300,0.000652104,0.0,0.0008151300000000001,0.011207808,0.0,0.011207808,0.0,0.0,0.0
530400,玉溪市,530400,0.0,0.0,0.0,0.0,0.0,0.0,0.0,0.0,0.0
530500,保山市,530500,0.0,0.0,0.0,0.0,0.0,0.0,0.0,0.0,0.0
530600,昭通市,530600,0.0001037376,0.0,0.000129672,0.004668192,0.0,0.004668192,0.0,0.0,0.0
530700,丽江市,530700,0.0,0.0,0.0,0.0,0.0,0.0,0.0,0.0,0.0
530800,普洱市,530800,0.0,0.0,0.0,0.0,0.0,0.0,0.0,0.0,0.0
530900,临沧市,530900,0.0,0.0,0.0,0.0,0.0,0.0,0.0,0.0,0.0
532300,楚雄彝族自治州,532300,0.0005591304,0.0,0.0006989130000000001,0.008060796,0.0,0.008060796,0.0,0.0,0.0
532500,红河哈尼族彝族自治州,532500,0.000217944,0.0,0.00027243,0.005055695999999999,0.0,0.005055695999999999,0.0,0.0,0.0
532600,文山壮族苗族自治州,532600,5.22936e-05,0.0,6.5367e-05,0.002353212,0.0,0.002353212,0.0,0.0,0.0
532800,西双版纳傣族自治州,532800,0.0,0.0,0.0,0.0,0.0,0.0,0.0,0.0,0.0
532900,大理白族自治州,532900,0.0024408936,0.010085292000000003,0.000529794,0.09076762800000002,0.09076762800000002,0.009142632,0.0,0.0,0.0
533100,德宏傣族景颇族自治州,533100,0.0,0.0,0.0,0.0,0.0,0.0,0.0,0.0,0.0
533300,怒江傈僳族自治州,533300,0.0,0.0,0.0,0.0,0.0,0.0,0.0,0.0,0.0
533400,迪庆藏族自治州,533400,0.0,0.0,0.0,0.0,0.0,0.0,0.0,0.0,0.0
540100,拉萨市,540100,0.0,0.0,0.0,0.0,0.0,0.0,0.0,0.0,0.0
540200,日喀则市,540200,0.0001083024,0.0,0.000135378,0.004873608,0.0,0.004873608,0.0,0.0,0.0
540300,昌都市,540300,0.0,0.0,0.0,0.0,0.0,0.0,0.0,0.0,0.0
540400,林芝市,540400,0.0,0.0,0.0,0.0,0.0,0.0,0.0,0.0,0.0
542200,山南市,540500,0.0,0.0,0.0,0.0,0.0,0.0,0.0,0.0,0.0
542400,那曲市,540600,0.0,0.0,0.0,0.0,0.0,0.0,0.0,0.0,0.0
542500,阿里地区,542500,0.0,0.0,0.0,0.0,0.0,0.0,0.0,0.0,0.0
610100,西安市,610100,0.43623796319999997,2.08863468,0.023138784,3.006288432,3.006288432,0.125600868,0.0,0.272302884,0.0
610200,铜川市,610200,0.0,0.0,0.0,0.0,0.0,0.0,0.0,0.0,0.0
610300,宝鸡市,610300,0.0006461496,0.0,0.0008076870000000001,0.01263924,0.0,0.01263924,0.0,0.0,0.0
610400,咸阳市,610400,0.030195043200000014,0.127601928,0.005843322000000001,0.668321928,0.668321928,0.052884576,0.0,0.0,0.0
610500,渭南市,610500,0.0,0.0,0.0,0.0,0.0,0.0,0.0,0.0,0.0
610600,延安市,610600,0.0009585792,0.0,0.0011982240000000001,0.018458928,0.0,0.018458928,0.0,0.0,0.0
610700,汉中市,610700,0.0009203544,0.0,0.0011504430000000001,0.028772172,0.0,0.028772172,0.0,0.0,0.0
610800,榆林市,610800,0.0007557264,0.0,0.000944658,0.012729312,0.0,0.012729312,0.0,0.0,0.0
610900,安康市,610900,0.14538214800000002,0.6985943640000001,0.007079094,1.184953536,1.184953536,0.027484920000000003,0.0,0.0,0.0
611000,商洛市,611000,0.0012754656,0.0,0.001594332,0.010747728000000002,0.0,0.010747728000000002,0.0,0.0,0.0
620100,兰州市,620100,0.0195752592,0.085904496,0.0029929499999999994,0.7731404639999999,0.7731404639999999,0.039663432,0.0,0.0,0.0
620200,嘉峪关市,620200,0.0,0.0,0.0,0.0,0.0,0.0,0.0,0.0,0.0
620300,金昌市,620300,0.0,0.0,0.0,0.0,0.0,0.0,0.0,0.0,0.0
620400,白银市,620400,0.0001222848,0.0,0.00015285600000000002,0.005502816000000001,0.0,0.005502816000000001,0.0,0.0,0.0
620500,天水市,620500,0.0031848984,0.011526048,0.001099611,0.103734432,0.103734432,0.012787632,0.0,0.0,0.0
620600,武威市,620600,0.0,0.0,0.0,0.0,0.0,0.0,0.0,0.0,0.0
620700,张掖市,620700,0.0,0.0,0.0,0.0,0.0,0.0,0.0,0.0,0.0
620800,平凉市,620800,0.00011627999999999999,0.0,0.00014534999999999998,0.0052326,0.0,0.0052326,0.0,0.0,0.0
620900,酒泉市,620900,0.0,0.0,0.0,0.0,0.0,0.0,0.0,0.0,0.0
621000,庆阳市,621000,0.0007237008,0.0,0.000904626,0.012190175999999999,0.0,0.012190175999999999,0.0,0.0,0.0
621100,定西市,621100,0.000316872,0.0,0.00039609,0.007894584,0.0,0.007894584,0.0,0.0,0.0
621200,陇南市,621200,0.00011629440000000001,0.0,0.000145368,0.005233248,0.0,0.005233248,0.0,0.0,0.0
622900,临夏回族自治州,622900,0.0,0.0,0.0,0.0,0.0,0.0,0.0,0.0,0.0
623000,甘南藏族自治州,623000,0.0,0.0,0.0,0.0,0.0,0.0,0.0,0.0,0.0
630100,西宁市,630100,0.0,0.0,0.0,0.0,0.0,0.0,0.0,0.0,0.0
630200,海东市,630200,0.0,0.0,0.0,0.0,0.0,0.0,0.0,0.0,0.0
632200,海北藏族自治州,632200,0.0,0.0,0.0,0.0,0.0,0.0,0.0,0.0,0.0
632300,黄南藏族自治州,632300,0.0,0.0,0.0,0.0,0.0,0.0,0.0,0.0,0.0
632500,海南藏族自治州,632500,0.0,0.0,0.0,0.0,0.0,0.0,0.0,0.0,0.0
632600,果洛藏族自治州,632600,0.0,0.0,0.0,0.0,0.0,0.0,0.0,0.0,0.0
632700,玉树藏族自治州,632700,0.0,0.0,0.0,0.0,0.0,0.0,0.0,0.0,0.0
632800,海西蒙古族藏族自治州,632800,0.0,0.0,0.0,0.0,0.0,0.0,0.0,0.0,0.0
640100,银川市,640100,0.0005477399999999999,0.0,0.0006846749999999999,0.007724484,0.0,0.007724484,0.0,0.0,0.0
640200,石嘴山市,640200,0.0001738008,0.0,0.000217251,0.00505116,0.0,0.00505116,0.0,0.0,0.0
640300,吴忠市,640300,0.0,0.0,0.0,0.0,0.0,0.0,0.0,0.0,0.0
640400,固原市,640400,0.0,0.0,0.0,0.0,0.0,0.0,0.0,0.0,0.0
640500,中卫市,640500,0.00047406240000000006,0.0,0.0005925780000000001,0.021332808,0.0,0.021332808,0.0,0.0,0.0
650100,乌鲁木齐市,650100,0.015779152799999998,0.07713176399999999,0.00044100000000000004,0.6941858759999999,0.6941858759999999,0.005710824,0.0,0.0,0.0
650200,克拉玛依市,650200,0.0,0.0,0.0,0.0,0.0,0.0,0.0,0.0,0.0
650400,吐鲁番市,650400,0.0,0.0,0.0,0.0,0.0,0.0,0.0,0.0,0.0
652200,哈密市,650500,0.0,0.0,0.0,0.0,0.0,0.0,0.0,0.0,0.0
652300,昌吉回族自治州,652300,0.0001146528,0.0,0.000143316,0.005159376,0.0,0.005159376,0.0,0.0,0.0
652700,博尔塔拉蒙古自治州,652700,0.0,0.0,0.0,0.0,0.0,0.0,0.0,0.0,0.0
652800,巴音郭楞蒙古自治州,652800,0.0,0.0,0.0,0.0,0.0,0.0,0.0,0.0,0.0
652900,阿克苏地区,652900,0.00012150719999999999,0.0,0.000151884,0.002769876,0.0,0.002769876,0.0,0.0,0.0
653000,克孜勒苏柯尔克孜自治州,653000,0.0,0.0,0.0,0.0,0.0,0.0,0.0,0.0,0.0
653100,喀什地区,653100,6.15528e-05,0.0,7.694100000000001e-05,0.002769876,0.0,0.002769876,0.0,0.0,0.0
653200,和田地区,653200,0.0,0.0,0.0,0.0,0.0,0.0,0.0,0.0,0.0
654000,伊犁哈萨克自治州,654000,0.0001231056,0.0,0.00015388200000000002,0.005539752,0.0,0.005539752,0.0,0.0,0.0
654200,塔城地区,654200,0.0,0.0,0.0,0.0,0.0,0.0,0.0,0.0,0.0
654300,阿勒泰地区,654300,0.0,0.0,0.0,0.0,0.0,0.0,0.0,0.0,0.0
710000,台湾省,-999,0.0,0.0,0.0,0.0,0.0,0.0,0.0,0.0,0.0
810000,香港特别行政区,-999,0.0,0.0,0.0,0.0,0.0,0.0,0.0,0.0,0.0
820000,澳门特别行政区,-999,0.0,0.0,0.0,0.0,0.0,0.0,0.0,0.0,0.0
419001,济源市,419001,0.0,0.0,0.0,0.0,0.0,0.0,0.0,0.0,0.0
429004,仙桃市,429004,5.4869178672,24.062014656,0.8431436700000001,39.07305864,39.07305864,1.864181304,0.649194912,4.382779752,0.649194912
429005,潜江市,429005,1.9927537848000012,8.8190388,0.2861825309999999,15.984433080000002,15.984433080000002,0.581730336,0.144713952,1.1670123600000002,0.144713952
429006,天门市,429006,3.908507860800001,17.066480616,0.6190146719999999,27.706350672,27.706350672,1.275840396,0.277757424,2.5933608,0.277757424
429021,神农架林区,429021,0.05958346320000001,0.2015856,0.024082929,1.07367444,1.07367444,0.04627400400000001,0.0,0.0,0.006364656
469001,五指山市,469001,0.0,0.0,0.0,0.0,0.0,0.0,0.0,0.0,0.0
469002,琼海市,469002,0.0001548432,0.0,0.000193554,0.004614732,0.0,0.004614732,0.0,0.0,0.0
469005,文昌市,469005,0.0,0.0,0.0,0.0,0.0,0.0,0.0,0.0,0.0
469006,万宁市,469006,0.0,0.0,0.0,0.0,0.0,0.0,0.0,0.0,0.0
469007,东方市,469007,0.0,0.0,0.0,0.0,0.0,0.0,0.0,0.0,0.0
469021,定安县,469021,0.0,0.0,0.0,0.0,0.0,0.0,0.0,0.0,0.0
469022,屯昌县,469022,0.0,0.0,0.0,0.0,0.0,0.0,0.0,0.0,0.0
469023,澄迈县,469023,0.0002841696,0.0,0.000355212,0.012787632,0.0,0.012787632,0.0,0.0,0.0
469024,临高县,469024,0.0,0.0,0.0,0.0,0.0,0.0,0.0,0.0,0.0
469025,白沙黎族自治县,469025,0.0,0.0,0.0,0.0,0.0,0.0,0.0,0.0,0.0
469026,昌江黎族自治县,469026,0.0,0.0,0.0,0.0,0.0,0.0,0.0,0.0,0.0
469027,乐东黎族自治县,469027,0.0,0.0,0.0,0.0,0.0,0.0,0.0,0.0,0.0
469028,陵水黎族自治县,469028,0.00011234879999999999,0.0,0.00014043599999999997,0.005055695999999999,0.0,0.005055695999999999,0.0,0.0,0.0
469029,保亭黎族苗族自治县,469029,0.0,0.0,0.0,0.0,0.0,0.0,0.0,0.0,0.0
469030,琼中黎族苗族自治县,469030,0.0,0.0,0.0,0.0,0.0,0.0,0.0,0.0,0.0
659001,石河子市,659001,0.0,0.0,0.0,0.0,0.0,0.0,0.0,0.0,0.0
659002,阿拉尔市,659002,0.0,0.0,0.0,0.0,0.0,0.0,0.0,0.0,0.0
659003,图木舒克市,659003,0.0,0.0,0.0,0.0,0.0,0.0,0.0,0.0,0.0
659004,五家渠市,659004,0.0,0.0,0.0,0.0,0.0,0.0,0.0,0.0,0.0
659005,北屯市,659005,0.0,0.0,0.0,0.0,0.0,0.0,0.0,0.0,0.0
659006,铁门关市,659006,0.0,0.0,0.0,0.0,0.0,0.0,0.0,0.0,0.0
659007,双河市,659007,0.0,0.0,0.0,0.0,0.0,0.0,0.0,0.0,0.0
659008,可克达拉市,659008,0.0,0.0,0.0,0.0,0.0,0.0,0.0,0.0,0.0
